algorithm,strat,bench,region,num_threads,size,obs,min,mean,max,stddev,ci,speedup
4. OpenMP,omp,1,elephant,1,16,10,0.0028564397800000005,0.0031492594800000004,0.0035999547800000006,0.00026096832619221564,0.0001617498443541189,1.0012606646182105
4. OpenMP,omp,1,elephant,1,32,10,0.003904213780000001,0.004183908880000001,0.00519508978,0.0003795439666700756,0.0002352437877430845,0.9085776839384704
4. OpenMP,omp,1,elephant,1,64,10,0.007264473780000001,0.008889010780000003,0.010857049780000001,0.00114106937612302,0.0007072421265759549,0.8762343451674832
4. OpenMP,omp,1,elephant,1,128,10,0.021544645780000003,0.022037177280000004,0.02302130578,0.00045077899357205307,0.00027939571484503336,0.9061768976248848
4. OpenMP,omp,1,elephant,1,256,10,0.07547471778,0.07678279138000002,0.07826445678,0.0007065341784221842,0.000437914420719699,0.9580567639946616
4. OpenMP,omp,1,elephant,1,512,10,0.26563797478,0.27228393928,0.27919433178,0.0048443556781870055,0.0030025627568519586,1.0345392309398354
4. OpenMP,omp,1,elephant,1,1024,10,1.05545800678,1.0635996581799998,1.07108068878,0.004936205404551496,0.00305949180705586,1.0126639416028476
4. OpenMP,omp,1,elephant,1,2048,10,4.19190430478,4.21038233818,4.24964427878,0.01633336864778972,0.010123526770879207,1.0171353865433483
4. OpenMP,omp,1,elephant,1,4096,10,16.77529004578,16.836481725479995,17.04199017678,0.08309250426613182,0.05150126771377394,0.9938893618323894
4. OpenMP,omp,1,elephant,1,8192,10,67.06036645178,67.12401908078,67.24421523177999,0.0489485308538542,0.03033861374097233,0.994227963947246
4. OpenMP,omp,1,elephant,2,16,10,0.002800884780000001,0.003137887580000001,0.0038268387800000007,0.00034272648159941064,0.00021242407407674537,1.0048892956196982
4. OpenMP,omp,1,elephant,2,32,10,0.0032436547800000002,0.0037077959800000003,0.0043234527800000006,0.0003343070114563027,0.0002072056324173204,1.0252468745596948
4. OpenMP,omp,1,elephant,2,64,10,0.005071003780000001,0.005372342680000001,0.005809578780000001,0.00025900576346030553,0.0001605334353704944,1.449806351518887
4. OpenMP,omp,1,elephant,2,128,10,0.01332491178,0.013421583280000001,0.01354260078,6.52155854399681e-05,4.042103863059621e-05,1.4878707320437683
4. OpenMP,omp,1,elephant,2,256,10,0.042565216780000005,0.04284073448000001,0.04354235178,0.0003021343937838287,0.00018726483739089903,1.717110444834745
4. OpenMP,omp,1,elephant,2,512,10,0.15401958778000002,0.15457324898,0.15544528078,0.0005172560493193945,0.00032059862087253617,1.8223620128244007
4. OpenMP,omp,1,elephant,2,1024,10,0.60545174678,0.61956720518,0.6283467127800001,0.01020466929349211,0.006324919556298402,1.7384216161458772
4. OpenMP,omp,1,elephant,2,2048,10,2.15760972478,2.17775376618,2.1956408067799997,0.013984603717201814,0.008667747184558134,1.966489018890317
4. OpenMP,omp,1,elephant,2,4096,10,8.69076298178,8.80468272228,8.95282782978,0.09294329396701882,0.057606850426175756,1.9005341368288144
4. OpenMP,omp,1,elephant,2,8192,10,35.05689964078,35.18672192578,35.39121270478,0.09487536446299635,0.05880436012616659,1.8966409250457794
4. OpenMP,omp,1,elephant,4,16,10,0.0027454987800000006,0.00317390148,0.0033904817800000007,0.00019144626164891408,0.00011865962232168182,0.9934869307915634
4. OpenMP,omp,1,elephant,4,32,10,0.0032510087800000005,0.00347401358,0.0038728937800000004,0.00022161547624848857,0.0001373586952588816,1.0942404663829783
4. OpenMP,omp,1,elephant,4,64,10,0.0043498747800000005,0.004534734080000001,0.005051095780000001,0.00023109392426459664,0.00014323349820410516,1.717599401109756
4. OpenMP,omp,1,elephant,4,128,10,0.009605974780000002,0.009988507980000002,0.010451419780000002,0.0002857339147170162,0.00017709971515136711,1.9992556425829675
4. OpenMP,omp,1,elephant,4,256,10,0.029392870780000004,0.030095851880000003,0.03088213578,0.0004806494591118806,0.0002979096211966169,2.444266171076065
4. OpenMP,omp,1,elephant,4,512,10,0.10300827478,0.10607456648000002,0.11183000278,0.0025823244628460458,0.0016005412841922147,2.6555698174181215
4. OpenMP,omp,1,elephant,4,1024,10,0.39932855078,0.40433788018000005,0.41467047278,0.004920355940559817,0.0030496682074981803,2.6637846091999062
4. OpenMP,omp,1,elephant,4,2048,10,1.39826569378,1.42127263618,1.45711610378,0.017405445604519537,0.010788006952887815,3.0131649326270646
4. OpenMP,omp,1,elephant,4,4096,10,5.74324570078,5.94528202418,6.43929969978,0.2751247523005038,0.17052408816001144,2.8146015629843855
4. OpenMP,omp,1,elephant,4,8192,10,22.73421615978,22.825265225979997,23.17667481578,0.1339242535224279,0.0830071123134652,2.923802907082087
4. OpenMP,omp,1,elephant,8,16,10,0.0027827097800000003,0.0032375632800000003,0.0034956007800000005,0.00019661048378357432,0.00012186044036224411,0.9739515083702086
4. OpenMP,omp,1,elephant,8,32,10,0.0031952997800000003,0.0035429384800000005,0.00397950178,0.0002463790058182943,0.0001527072899026027,1.072952934819235
4. OpenMP,omp,1,elephant,8,64,10,0.003887230780000001,0.004162592480000001,0.0045530277800000015,0.00026072227307277263,0.00016159733905068434,1.8711551941303655
4. OpenMP,omp,1,elephant,8,128,10,0.007009305780000001,0.008201177080000002,0.00969940078,0.0008829857558200597,0.0005472802414558265,2.434965218431791
4. OpenMP,omp,1,elephant,8,256,10,0.01811895478,0.020319957280000002,0.023108525780000003,0.0018839380093532369,0.0011676768757034862,3.6201981936450216
4. OpenMP,omp,1,elephant,8,512,10,0.06401361578,0.06792358357999999,0.07380587678,0.003460192154758389,0.0021446493167729384,4.147137154626553
4. OpenMP,omp,1,elephant,8,1024,10,0.24664478578000001,0.26083301278,0.28828228578000004,0.012158508981541331,0.00753592194132381,4.129343178842379
4. OpenMP,omp,1,elephant,8,2048,10,0.8786946437800001,0.9147422974799999,0.9384732757800001,0.023367390369608592,0.014483258602280405,4.681677975138823
4. OpenMP,omp,1,elephant,8,4096,10,3.54127689878,3.6018295082800003,3.67592338078,0.03861282095967245,0.023932474378903296,4.645861232235525
4. OpenMP,omp,1,elephant,8,8192,10,14.018138499780001,14.253886128579998,14.63751231178,0.17282222198114228,0.10711632294331885,4.681991719354953
4. OpenMP,omp,1,elephant,16,16,10,0.0032125577800000004,0.00342678888,0.0037862057800000007,0.000210402300870103,0.0001304086971551523,0.9201703841177401
4. OpenMP,omp,1,elephant,16,32,10,0.003312454780000001,0.0035421746800000007,0.004448336780000001,0.000329007788330459,0.00020392113989552816,1.0731842959252365
4. OpenMP,omp,1,elephant,16,64,10,0.004212781780000001,0.00454544508,0.00490709678,0.0001887806496828467,0.00011700745890817123,1.7135520071007
4. OpenMP,omp,1,elephant,16,128,10,0.007861703780000001,0.008697908780000001,0.00974228478,0.0006308833047444934,0.00039102552343027534,2.295905998223173
4. OpenMP,omp,1,elephant,16,256,10,0.01867124078,0.02046697818,0.022031332780000003,0.0011321430789207009,0.000701709550250695,3.594193143367098
4. OpenMP,omp,1,elephant,16,512,10,0.06235783878000001,0.07035468848000001,0.10631230878,0.012885640676105788,0.007986602834813235,4.003832910440313
4. OpenMP,omp,1,elephant,16,1024,10,0.22730650778000003,0.23980145147999998,0.25491655778,0.00967347586505147,0.005995682458349129,4.491503347842872
4. OpenMP,omp,1,elephant,16,2048,10,0.8007890507800001,0.8414669486799999,0.87868886978,0.031161316516826236,0.019313984076188725,5.089360757137232
4. OpenMP,omp,1,elephant,16,4096,10,3.2613986427799997,3.3125259386799994,3.4644762817799997,0.06101460330365556,0.03781724292635241,5.051613296742404
4. OpenMP,omp,1,elephant,16,8192,10,12.95915659978,13.09477946718,13.50106600278,0.17155815753818215,0.1063328476845176,5.096426174255527
4. OpenMP,omp,1,elephant,32,16,10,0.0032118467800000008,0.0036428182800000005,0.004058402780000001,0.00024093912050569038,0.0001493356140542093,0.8656016846385212
4. OpenMP,omp,1,elephant,32,32,10,0.003910069780000001,0.004292470980000001,0.00517100478,0.0003764322500931313,0.00023331512582713937,0.8855985882518418
4. OpenMP,omp,1,elephant,32,64,10,0.0047136447800000016,0.005067897780000001,0.005633081780000002,0.000291144516640028,0.00018045324096685117,1.536900876481372
4. OpenMP,omp,1,elephant,32,128,10,0.007254650780000002,0.007759484180000001,0.008731912780000002,0.0005289570656757191,0.00032785098594701075,2.573570675157946
4. OpenMP,omp,1,elephant,32,256,10,0.018069635780000003,0.018946040080000007,0.021228601780000002,0.0009763582046389475,0.0006051530848149627,3.8827254840263157
4. OpenMP,omp,1,elephant,32,512,10,0.06045134678,0.06411133058000001,0.07102752478,0.003693371733259756,0.0022891755168657994,4.393738432686261
4. OpenMP,omp,1,elephant,32,1024,10,0.21416661578,0.21897374228,0.22741308578000002,0.0046865714294469125,0.0029047670662881784,4.918713133937128
4. OpenMP,omp,1,elephant,32,2048,10,0.80009189278,0.83568936778,0.85739377478,0.01806118545062507,0.011194438720267283,5.12454631128848
4. OpenMP,omp,1,elephant,32,4096,10,3.20399324878,3.2624829564799995,3.36373680078,0.048611824496605956,0.030129920978626025,5.129099615494829
4. OpenMP,omp,1,elephant,32,8192,10,12.80614048378,12.886679083580002,13.072354990780001,0.07852266243346251,0.04866885040113514,5.178725751592173
4. OpenMP,omp,1,full,1,16,10,0.0024670827800000006,0.0030163681800000003,0.0044280097800000005,0.0005556870121284702,0.00034441837840191704,0.8698572533012199
4. OpenMP,omp,1,full,1,32,10,0.002808815780000001,0.003126556180000001,0.0035685577800000008,0.00026571001184089567,0.0001646887715673978,0.9028178217478887
4. OpenMP,omp,1,full,1,64,10,0.0032056447800000005,0.003625513680000001,0.004016754780000001,0.00023152377579632928,0.00014349992294371866,0.8880857236208248
4. OpenMP,omp,1,full,1,128,10,0.006209844780000001,0.00665251908,0.007621897780000001,0.0004098812225600782,0.0002540470137511508,0.7700319350305421
4. OpenMP,omp,1,full,1,256,10,0.01559097878,0.016020644980000005,0.016385690780000003,0.0002890515212644434,0.000179155988993118,0.8409571435369261
4. OpenMP,omp,1,full,1,512,10,0.051274481780000006,0.051953076279999996,0.05340969478,0.0006205171170111532,0.0003846004937077857,0.9381976396797885
4. OpenMP,omp,1,full,1,1024,10,0.16876405978,0.18011146468,0.19030587278000002,0.007101344723380461,0.0044014590600765235,0.9852083866802522
4. OpenMP,omp,1,full,1,2048,10,0.6242636637800001,0.62860577468,0.63865655078,0.004801024380182417,0.002975705740101421,0.991478128811771
4. OpenMP,omp,1,full,1,4096,10,2.47712488578,2.4864760546799998,2.50086810378,0.0065962661690656555,0.004088408128804313,0.9665565007217809
4. OpenMP,omp,1,full,1,8192,10,9.88608477678,9.90461296498,9.936147419780001,0.017172932276685,0.010643893699236512,0.9575747599299707
4. OpenMP,omp,1,full,2,16,10,0.0029136087800000006,0.0030547784800000004,0.003471964780000001,0.00015727713128180253,9.748137590673145e-05,0.8589198061916423
4. OpenMP,omp,1,full,2,32,10,0.0032085137800000004,0.0038363265800000004,0.00526030278,0.000650492677694513,0.0004031795387041878,0.7357847620991643
4. OpenMP,omp,1,full,2,64,10,0.002922130780000001,0.0033851525800000005,0.003987992780000001,0.0003033532773526969,0.00018802030925381394,0.9511438152072896
4. OpenMP,omp,1,full,2,128,10,0.004987401780000001,0.005554054280000001,0.006095056780000002,0.00041579167432000553,0.0002577103497052873,0.9223266251549851
4. OpenMP,omp,1,full,2,256,10,0.00877466678,0.00891293098,0.009320648780000001,0.0001586628671385406,9.834026388909223e-05,1.5115875877679015
4. OpenMP,omp,1,full,2,512,10,0.02362419178,0.024220467080000002,0.024979523780000002,0.00041105461150207575,0.0002547742877521924,2.0124406923700002
4. OpenMP,omp,1,full,2,1024,10,0.08315340678000001,0.08404666768000002,0.08549381578000001,0.0008197790014506565,0.0005081042892222603,2.1112951939464684
4. OpenMP,omp,1,full,2,2048,10,0.32143477078000005,0.32240270078,0.32405545578,0.0009394954226660373,0.0005823052958377427,1.9331378916248299
4. OpenMP,omp,1,full,2,4096,10,1.29186505578,1.31283397678,1.33813890678,0.013360324933797392,0.00828081518586466,1.830634822869716
4. OpenMP,omp,1,full,2,8192,10,5.10656132178,5.15933827478,5.20982878878,0.026511363891737267,0.016431913579985333,1.8382991920692437
4. OpenMP,omp,1,full,4,16,10,0.002987552780000001,0.0032445319800000006,0.0038775007800000007,0.0002952946501042268,0.00018302552033759955,0.8086866630299017
4. OpenMP,omp,1,full,4,32,10,0.0027749047800000007,0.003273957780000001,0.0036213997800000008,0.0002642359343331048,0.00016377512886243804,0.8621707516338223
4. OpenMP,omp,1,full,4,64,10,0.003318317780000001,0.003486615380000001,0.0036829657800000006,0.00011835916018082882,7.335976751076064e-05,0.9234649048097756
4. OpenMP,omp,1,full,4,128,10,0.005184494780000002,0.0054789790800000016,0.006079268780000001,0.0003112135375868864,0.00019289214902078465,0.9349647197411821
4. OpenMP,omp,1,full,4,256,10,0.00956671178,0.009910824480000002,0.010813836780000002,0.0003615497275959118,0.00022409084281683691,1.359390015148366
4. OpenMP,omp,1,full,4,512,10,0.02671303578,0.029890030680000002,0.04784448378,0.006561323991996898,0.004066750743079646,1.630719421529881
4. OpenMP,omp,1,full,4,1024,10,0.08896388178,0.09122049268000001,0.09288854578000001,0.001363135252063375,0.0008448799824560487,1.9452572588319856
4. OpenMP,omp,1,full,4,2048,10,0.30593969978,0.31034012268,0.32072673178,0.00476169015128504,0.0029513261324502845,2.008276828203257
4. OpenMP,omp,1,full,4,4096,10,1.24142071778,1.2754401872799999,1.33004478478,0.025354930580825958,0.015715148787969736,1.8843059976534946
4. OpenMP,omp,1,full,4,8192,10,4.94146206378,5.00291395528,5.05035619578,0.04155511672156837,0.025756128185763803,1.8957766347610872
4. OpenMP,omp,1,full,8,16,10,0.0027848287800000004,0.0031418976800000006,0.0036905577800000005,0.0002852820468185632,0.00017681964452628463,0.8351034970686886
4. OpenMP,omp,1,full,8,32,10,0.003005212780000001,0.0034143088800000004,0.003781676780000001,0.00022670404229766173,0.00014051262117184153,0.8267297245819191
4. OpenMP,omp,1,full,8,64,10,0.0032848157800000007,0.0034975234800000005,0.00405633878,0.00023393315945089462,0.0001449932744044176,0.9205847961884162
4. OpenMP,omp,1,full,8,128,10,0.0048137887800000015,0.005600449080000002,0.006132960780000002,0.0003283579930458862,0.00020351839260555906,0.9146859594338101
4. OpenMP,omp,1,full,8,256,10,0.008991006780000001,0.009332612580000002,0.009795277780000002,0.00023162472315546237,0.000143562490765132,1.4436124637673533
4. OpenMP,omp,1,full,8,512,10,0.024456484780000003,0.025025278180000006,0.025621898780000003,0.0004266391039707141,0.0002644336562584054,1.947720748173517
4. OpenMP,omp,1,full,8,1024,10,0.07916786978000001,0.08127163508,0.08424982378000001,0.001736419534061273,0.001076243977443422,2.1833856961943634
4. OpenMP,omp,1,full,8,2048,10,0.25949360878,0.26408689068,0.27560143378,0.004806029657777972,0.0029788080432960004,2.360014446893559
4. OpenMP,omp,1,full,8,4096,10,1.05149047778,1.08487421068,1.14045501878,0.02342297846094273,0.014517712458242286,2.215297931207709
4. OpenMP,omp,1,full,8,8192,10,4.17113556278,4.23430036698,4.32407059278,0.051154267070190176,0.031705743211756475,2.239899525338703
4. OpenMP,omp,1,full,16,16,10,0.0027135817800000004,0.00323655548,0.0035172107800000006,0.00025510252198502915,0.0001581141812398706,0.8106796735645637
4. OpenMP,omp,1,full,16,32,10,0.003150570780000001,0.0038706117800000007,0.004351490780000002,0.00036350880310110804,0.0002253050903949513,0.7292673097791276
4. OpenMP,omp,1,full,16,64,10,0.0034262427800000003,0.0038052975800000007,0.004249888780000001,0.00021405577673421693,0.00013267314495613448,0.8461275031215824
4. OpenMP,omp,1,full,16,128,10,0.004729648780000002,0.004971010280000001,0.005171122780000001,0.00014305041954441538,8.86635686165917e-05,1.030505239671321
4. OpenMP,omp,1,full,16,256,10,0.007177605780000002,0.008097271780000002,0.009382730780000001,0.0007710965851363167,0.000477930614981705,1.6638537282738948
4. OpenMP,omp,1,full,16,512,10,0.01733201078,0.018199703480000003,0.01994004178,0.0007531328604738786,0.00046679658308378997,2.678189432787396
4. OpenMP,omp,1,full,16,1024,10,0.05416408878,0.05638530878,0.05792187078,0.0013246562518528682,0.0008210304510367938,3.147048927804063
4. OpenMP,omp,1,full,16,2048,10,0.19061626078000002,0.19450398557999998,0.20308147578000002,0.0038012135333368004,0.0023560165570481323,3.2042987467917787
4. OpenMP,omp,1,full,16,4096,10,0.7251030407800001,0.75895860658,0.79298079278,0.018769676951103396,0.011633566301766115,3.16660167458905
4. OpenMP,omp,1,full,16,8192,10,2.93886898178,2.9838954054799998,3.02880420078,0.03487089071859334,0.021613201987077797,3.178532117688054
4. OpenMP,omp,1,full,32,16,10,0.0034433887800000003,0.00361840218,0.003861578780000001,0.00013817937731015528,8.564446536092077e-05,0.725129382936642
4. OpenMP,omp,1,full,32,32,10,0.0034075307800000005,0.0035885818800000004,0.0038169457800000003,0.00011682553190543962,7.240921485764454e-05,0.7865810881260986
4. OpenMP,omp,1,full,32,64,10,0.00419530878,0.004310316980000001,0.004455383780000001,8.419475751533868e-05,5.2184451355633655e-05,0.7469907561183585
4. OpenMP,omp,1,full,32,128,10,0.004709938780000001,0.005122589580000001,0.005505070780000001,0.0003045023755049833,0.00018873252766741188,1.0000122125731574
4. OpenMP,omp,1,full,32,256,10,0.0067280227800000005,0.006987657880000002,0.007260958780000002,0.00018284319165792198,0.00011332738429757146,1.9280674685807593
4. OpenMP,omp,1,full,32,512,10,0.013286980780000002,0.014088771080000001,0.01538548378,0.0006940728790856428,0.00043019082737201026,3.459652603000488
4. OpenMP,omp,1,full,32,1024,10,0.03843333378,0.04039505458,0.04493477178,0.0022859211385800873,0.0014168286004899412,4.392798261692559
4. OpenMP,omp,1,full,32,2048,10,0.13859845878000002,0.15061112447999997,0.21961576778000003,0.02439175134872173,0.015118164114959151,4.138133085400096
4. OpenMP,omp,1,full,32,4096,10,0.53912451878,0.56781588888,0.6001159877800001,0.017616914289728565,0.010919076601903907,4.232568411004625
4. OpenMP,omp,1,full,32,8192,10,2.1834752807799997,2.23340455238,2.29121678278,0.03404010079098339,0.02109827305511652,4.246614153281391
4. OpenMP,omp,1,seahorse,1,16,10,0.002868237780000001,0.003175773880000001,0.0035135327800000006,0.00020155701559963952,0.00012492633254546613,0.9384609083062299
4. OpenMP,omp,1,seahorse,1,32,10,0.0037336867800000007,0.004111053180000001,0.004446516780000001,0.00021419156002938666,0.00013275730431439858,0.9516561739052959
4. OpenMP,omp,1,seahorse,1,64,10,0.007344806780000001,0.0076953489800000024,0.008749064780000001,0.00044232293199672305,0.00027415459358094924,0.9517304490068749
4. OpenMP,omp,1,seahorse,1,128,10,0.022875893780000003,0.023592916880000002,0.025977049780000004,0.0009134320625097232,0.0005661510578497808,0.9009235461689977
4. OpenMP,omp,1,seahorse,1,256,10,0.08354847078000001,0.08653723298000002,0.08904472978000001,0.0014686643491090658,0.000910287594448773,0.9112498808255747
4. OpenMP,omp,1,seahorse,1,512,10,0.28235589978000003,0.29010779108000007,0.29956487378,0.006078251090277529,0.00376733905659303,1.0245615994436876
4. OpenMP,omp,1,seahorse,1,1024,10,1.12084305178,1.12744637178,1.13526827478,0.004818529868322111,0.002986555754060022,1.0171908302205097
4. OpenMP,omp,1,seahorse,1,2048,10,4.452688015780001,4.46941993698,4.48354784478,0.010067310657989548,0.006239783791980132,1.023109683676265
4. OpenMP,omp,1,seahorse,1,4096,10,17.80706203278,17.847752211680003,17.932073530780002,0.038201318705389856,0.02367742263928125,0.9938647345312008
4. OpenMP,omp,1,seahorse,1,8192,10,71.25762197878,71.35022933147998,71.86291152477999,0.1868201073481678,0.11579230217972443,0.9926297665562237
4. OpenMP,omp,1,seahorse,2,16,10,0.002926968780000001,0.00319721728,0.0039042197800000004,0.0003016284473462341,0.00018695124853999697,0.9321667497055441
4. OpenMP,omp,1,seahorse,2,32,10,0.0036676527800000003,0.004094710380000001,0.00453773778,0.0003043409683712587,0.00018863248648947077,0.9554544221513415
4. OpenMP,omp,1,seahorse,2,64,10,0.005341727780000001,0.005697735980000002,0.006087368780000001,0.0002416629878974252,0.00014978427171184354,1.2854049337680957
4. OpenMP,omp,1,seahorse,2,128,10,0.015163656780000003,0.015582220680000003,0.016032200780000002,0.00025107674365175024,0.00015561897797779955,1.364081203604158
4. OpenMP,omp,1,seahorse,2,256,10,0.050422378780000006,0.05085176408000001,0.051317803780000004,0.00028938712530950653,0.00017936399853529355,1.5507238473761125
4. OpenMP,omp,1,seahorse,2,512,10,0.18274060578,0.18407256188,0.18551788078,0.0007293274983536324,0.00045204186677807567,1.6147615886053206
4. OpenMP,omp,1,seahorse,2,1024,10,0.6822894567800001,0.7018342951800001,0.7272279647800001,0.016718755345930748,0.010362391921106464,1.634043988468634
4. OpenMP,omp,1,seahorse,2,2048,10,2.5618714907799998,2.5753626645799996,2.59062762578,0.009098821199369672,0.005639507806476101,1.7755584022515658
4. OpenMP,omp,1,seahorse,2,4096,10,10.256640537780001,10.29654921848,10.362445085780001,0.03537538530121408,0.02192589096894411,1.7227375052997183
4. OpenMP,omp,1,seahorse,2,8192,10,41.00016925078,41.054982680180004,41.17991554478,0.054449179825471934,0.03374795129540981,1.7251100076393815
4. OpenMP,omp,1,seahorse,4,16,10,0.0030529607800000003,0.003200966980000001,0.003695414780000001,0.00020461040415156482,0.00012681884237695728,0.9310747841578797
4. OpenMP,omp,1,seahorse,4,32,10,0.003080630780000001,0.0034492605800000007,0.003837460780000001,0.00023442513248597436,0.00014529820245071223,1.134245746083933
4. OpenMP,omp,1,seahorse,4,64,10,0.00421227178,0.004596315080000001,0.004912624780000001,0.0001919136412689893,0.00011894930721143266,1.5934281729006268
4. OpenMP,omp,1,seahorse,4,128,10,0.009597993780000001,0.009932988180000001,0.010240342780000002,0.00023200341099705114,0.0001437972039210522,2.139881167159509
4. OpenMP,omp,1,seahorse,4,256,10,0.029261489780000004,0.030400249080000004,0.03128766578,0.0006644011079971101,0.0004118000731172344,2.5939604321163015
4. OpenMP,omp,1,seahorse,4,512,10,0.11161487778000001,0.11278393748000001,0.11501953278,0.001212246877850204,0.0007513583992051748,2.6354222869077293
4. OpenMP,omp,1,seahorse,4,1024,10,0.43967987278000004,0.44950398358,0.45806542178000004,0.005599217532957518,0.003470430981703354,2.5513191269324853
4. OpenMP,omp,1,seahorse,4,2048,10,1.50351023778,1.52793507808,1.5609084827800002,0.017477920966092787,0.010832927647383696,2.992736329927089
4. OpenMP,omp,1,seahorse,4,4096,10,6.19264150178,6.254766014180001,6.3651290007800005,0.053848232379100636,0.03337548020922916,2.8359576479161834
4. OpenMP,omp,1,seahorse,4,8192,10,24.40858484378,24.53116027958,24.67081437778,0.07193137578030177,0.04458352860826412,2.8871182886524513
4. OpenMP,omp,1,seahorse,8,16,10,0.002815975780000001,0.0031983873800000007,0.0036071167800000004,0.00022748749217640747,0.00014099820843752772,0.9318257252503291
4. OpenMP,omp,1,seahorse,8,32,10,0.0032649177800000008,0.0034158263800000005,0.0037169857800000007,0.0001384461820276905,8.580983263810703e-05,1.1453477737940532
4. OpenMP,omp,1,seahorse,8,64,10,0.0035801247800000004,0.004303546180000001,0.005230048780000001,0.0005693605461424247,0.0003528933225869016,1.7018285929024228
4. OpenMP,omp,1,seahorse,8,128,10,0.007018577780000002,0.007692313780000001,0.009172667780000001,0.0007069670119017813,0.00043818269368974715,2.763201677402193
4. OpenMP,omp,1,seahorse,8,256,10,0.01825411978,0.019241576780000002,0.020829479780000004,0.0007868686779053068,0.0004877062593587312,4.098263055134092
4. OpenMP,omp,1,seahorse,8,512,10,0.06526750578,0.06963377928,0.07804503378000001,0.003949440871850015,0.002447888813284617,4.26852176505908
4. OpenMP,omp,1,seahorse,8,1024,10,0.25792471578000004,0.27608710908,0.33974125678,0.02372131183369866,0.014702621398392245,4.153863303366658
4. OpenMP,omp,1,seahorse,8,2048,10,0.89849056678,0.9448895012800002,0.9874920727800001,0.027530794311090317,0.017063763100063713,4.839409065023535
4. OpenMP,omp,1,seahorse,8,4096,10,3.66633035678,3.73048279008,3.9055482327799997,0.07630601035616168,0.04729495520962994,4.754947954996356
4. OpenMP,omp,1,seahorse,8,8192,10,14.72806234378,14.894329647080003,15.04190548278,0.0907280026850637,0.05623379866436404,4.755122463596402
4. OpenMP,omp,1,seahorse,16,16,10,0.002937213780000001,0.003380650880000001,0.0035560097800000005,0.00017459511384880662,0.00010821517270733264,0.8815875243527068
4. OpenMP,omp,1,seahorse,16,32,10,0.0033686037800000003,0.0034951433800000007,0.003746913780000001,0.00013762645183587849,8.530175860141223e-05,1.1193558359829003
4. OpenMP,omp,1,seahorse,16,64,10,0.0043457037800000015,0.00506484058,0.006011005780000002,0.0005467637562386316,0.0003388876871016621,1.446027337744952
4. OpenMP,omp,1,seahorse,16,128,10,0.007743645780000001,0.008667665880000003,0.010116025780000001,0.0006794914269560484,0.00042115314970885296,2.4522650773889776
4. OpenMP,omp,1,seahorse,16,256,10,0.01829327878,0.020886052080000002,0.02440243178,0.002186375067967019,0.0013551293066995204,3.7755839609110082
4. OpenMP,omp,1,seahorse,16,512,10,0.06372347978000001,0.06628043757999999,0.06993772678,0.001797915540036776,0.0011143595968370612,4.484480086318706
4. OpenMP,omp,1,seahorse,16,1024,10,0.23681853778,0.24724741178,0.25854483678,0.0065748282475358855,0.004075120767378842,4.638382673790915
4. OpenMP,omp,1,seahorse,16,2048,10,0.84627310978,0.8868197503800002,0.9396291517800001,0.033755934295171985,0.020922144836267864,5.15629790155283
4. OpenMP,omp,1,seahorse,16,4096,10,3.39302924278,3.47928707948,3.66728890978,0.0871462597652825,0.054013811402904725,5.098243148274814
4. OpenMP,omp,1,seahorse,16,8192,10,13.54326733978,13.616781501879998,13.86430214878,0.0986667772753652,0.0611543021334245,5.201255632636952
4. OpenMP,omp,1,seahorse,32,16,10,0.0033139737800000004,0.0036382820800000006,0.004122063780000001,0.00023191469157144361,0.00014374221505135835,0.8191612344692086
4. OpenMP,omp,1,seahorse,32,32,10,0.003755233780000001,0.004288873780000001,0.00480014078,0.00040484280930202447,0.0002509241728601775,0.9121996451012367
4. OpenMP,omp,1,seahorse,32,64,10,0.0048477727800000005,0.005271992280000001,0.006128148780000002,0.0003881866356867964,0.0002406005694976224,1.38920877554851
4. OpenMP,omp,1,seahorse,32,128,10,0.007581852780000002,0.008017588580000002,0.008810414780000001,0.00043169834002764244,0.00026756940325383256,2.6510981609884503
4. OpenMP,omp,1,seahorse,32,256,10,0.018997112780000002,0.019507530080000002,0.02138984278,0.000701660929172116,0.00043489394954145805,4.042389934379638
4. OpenMP,omp,1,seahorse,32,512,10,0.06336505578,0.06611370058,0.07166754078000001,0.002543696021834277,0.0015765991284047193,4.495789826200045
4. OpenMP,omp,1,seahorse,32,1024,10,0.22482302178000002,0.23042478478000006,0.24948476078000004,0.007198984069715183,0.004461976553915399,4.977017173022179
4. OpenMP,omp,1,seahorse,32,2048,10,0.8364347077800001,0.8691560555800001,0.8905356107800001,0.020712387372402996,0.01283767069579471,5.2610883725461335
4. OpenMP,omp,1,seahorse,32,4096,10,3.3372811427799998,3.4355000461800005,3.50583496378,0.05310460621101713,0.03291457593513513,5.163222609635388
4. OpenMP,omp,1,seahorse,32,8192,10,13.44009631478,13.541820059279999,13.68624380078,0.09752950016464008,0.060449410477293804,5.230047451155221
4. OpenMP,omp,1,spiral,1,16,10,0.0031509457800000004,0.0032868144800000014,0.0035255687800000005,0.00013353598338862322,8.276645999129795e-05,0.9112283209851256
4. OpenMP,omp,1,spiral,1,32,10,0.004133529780000001,0.004659952780000001,0.005790845780000001,0.0005272098881742139,0.0003267680741122644,0.8405798566911657
4. OpenMP,omp,1,spiral,1,64,10,0.008062564780000002,0.008310739580000002,0.008846610780000002,0.0002601994044458126,0.00016127326171814954,0.9867494777161573
4. OpenMP,omp,1,spiral,1,128,10,0.026019937780000002,0.029020744180000002,0.044933130780000004,0.005851903106801358,0.003627047122965142,0.8370239160421146
4. OpenMP,omp,1,spiral,1,256,10,0.08619620678,0.08880479457999998,0.09027500478,0.0011155782302300849,0.0006914425506628478,0.9789963205385301
4. OpenMP,omp,1,spiral,1,512,10,0.32179400778,0.32592188318000004,0.33307572578,0.004276066395681128,0.0026503334103459937,0.9963809627371703
4. OpenMP,omp,1,spiral,1,1024,10,1.2733501597799999,1.2822690523799998,1.29208708578,0.00649656397668874,0.00402661206974214,1.005303598529012
4. OpenMP,omp,1,spiral,1,2048,10,5.06285781578,5.078811631780001,5.10066076578,0.012454189789665617,0.007719186804881914,1.0214818200142148
4. OpenMP,omp,1,spiral,1,4096,10,20.25872822878,20.303749276279998,20.37607060678,0.0402202837411093,0.024928790132988113,0.9977935169839625
4. OpenMP,omp,1,spiral,1,8192,10,81.08377018478,81.14555209108,81.22978254878,0.0547252134077243,0.03391903868220995,0.9946580493129992
4. OpenMP,omp,1,spiral,2,16,10,0.0027491997800000007,0.0031839947800000002,0.003723393780000001,0.0003067375334965637,0.0001901178929434213,0.9406543185350322
4. OpenMP,omp,1,spiral,2,32,10,0.003453198780000001,0.0038398925800000013,0.0046343397800000016,0.00034695655238846417,0.00021504589911474771,1.020096879897614
4. OpenMP,omp,1,spiral,2,64,10,0.005637151780000002,0.006227026580000001,0.007118535780000001,0.0005034272438583793,0.0003120274384476044,1.316939607474744
4. OpenMP,omp,1,spiral,2,128,10,0.016607896780000003,0.01696447798,0.01731485978,0.00024050963162316593,0.00014906941408690373,1.4318776545106522
4. OpenMP,omp,1,spiral,2,256,10,0.053434885780000003,0.05392346968,0.05521108378,0.0005792749767042034,0.00035903835031354705,1.612276948347883
4. OpenMP,omp,1,spiral,2,512,10,0.20348016478,0.20393980898000003,0.20452346878000002,0.0003670266878688212,0.0002274854979637005,1.5923441399900833
4. OpenMP,omp,1,spiral,2,1024,10,0.75264820178,0.7783382188800001,0.8037462817800001,0.02394153575720862,0.014839117600328078,1.6561819288469781
4. OpenMP,omp,1,spiral,2,2048,10,2.76461757378,2.77935021968,2.79940387678,0.009793841949604469,0.00607028613047301,1.8665923108233944
4. OpenMP,omp,1,spiral,2,4096,10,11.07794760078,11.19275850038,11.35319745478,0.07875008570762553,0.048809808806835595,1.8100050490370356
4. OpenMP,omp,1,spiral,2,8192,10,44.06024453378,44.38207909358,44.78325986278,0.19833609827869805,0.12292998730717064,1.818573581989205
4. OpenMP,omp,1,spiral,4,16,10,0.0028021047800000005,0.0032907521800000007,0.0036850377800000003,0.00029079686547645825,0.0001802377645432659,0.9101379490691395
4. OpenMP,omp,1,spiral,4,32,10,0.0033727907800000004,0.0035899948800000004,0.00408495478,0.00021010881946926136,0.00013022679549835127,1.0911052998493413
4. OpenMP,omp,1,spiral,4,64,10,0.004270347780000001,0.004779261180000001,0.005493565780000001,0.00038603721568556933,0.0002392683451785913,1.7158756617691266
4. OpenMP,omp,1,spiral,4,128,10,0.010465964780000002,0.011106172180000002,0.012255159780000002,0.0005623516087244115,0.0003485491381680753,2.187167328788883
4. OpenMP,omp,1,spiral,4,256,10,0.032574597780000006,0.03340759318000001,0.03423080178,0.0005560599783113327,0.00034464954523701763,2.602389423014399
4. OpenMP,omp,1,spiral,4,512,10,0.12263432378,0.12499122918000002,0.13006899478,0.002190297680632992,0.0013575605672185278,2.598121179145603
4. OpenMP,omp,1,spiral,4,1024,10,0.47584203678000003,0.48054117218,0.49103473078000004,0.005155430864801725,0.0031953691550517882,2.6825374541624987
4. OpenMP,omp,1,spiral,4,2048,10,1.61374046278,1.64908630748,1.67927055278,0.018491902431637876,0.011461399870902028,3.1459322205323197
4. OpenMP,omp,1,spiral,4,4096,10,6.680610290780001,6.738825799680001,6.82839827878,0.05860037794152095,0.036320890544211525,3.0063025815717057
4. OpenMP,omp,1,spiral,4,8192,10,26.66173062578,26.94337966338,27.68956393278,0.33605543098665447,0.20828931406952136,2.995618128153371
4. OpenMP,omp,1,spiral,8,16,10,0.0030747777800000007,0.0032582406800000007,0.003510178780000001,0.0001468061553208858,9.099139776790349e-05,0.9192195218678565
4. OpenMP,omp,1,spiral,8,32,10,0.0032101847800000004,0.00392002268,0.00491753078,0.0006720587380988278,0.00041654632142693146,0.9992448411038276
4. OpenMP,omp,1,spiral,8,64,10,0.004185736780000001,0.005407274380000001,0.007420460780000001,0.0010027766100103362,0.0006215273821071127,1.5165899423065705
4. OpenMP,omp,1,spiral,8,128,10,0.007679899780000001,0.009627294080000003,0.010587849780000002,0.0008381126072812587,0.0005194675758433557,2.523144794180838
4. OpenMP,omp,1,spiral,8,256,10,0.019883184780000004,0.022239215080000003,0.028070747780000002,0.002548529071937469,0.0015795946838935919,3.9092911700011306
4. OpenMP,omp,1,spiral,8,512,10,0.07325890278000001,0.07799855978000002,0.09080006978,0.005977912025505859,0.00370514825993098,4.1634404616695075
4. OpenMP,omp,1,spiral,8,1024,10,0.26856933978,0.28579813308,0.29965721478,0.010485685411406282,0.0064990951506965385,4.510420270237267
4. OpenMP,omp,1,spiral,8,2048,10,1.01758427378,1.04964774018,1.08784308178,0.021802607492478164,0.013513396126949151,4.942528384094215
4. OpenMP,omp,1,spiral,8,4096,10,4.04747384978,4.10928620118,4.24447859278,0.0754263964409685,0.04674976485664657,4.930040986807527
4. OpenMP,omp,1,spiral,8,8192,10,16.01639928478,16.263232776979997,16.81934652878,0.24941220936526864,0.15458728893840942,4.962855642550044
4. OpenMP,omp,1,spiral,16,16,10,0.0032659297800000007,0.004144143180000001,0.005524510780000002,0.0006375855698855387,0.00039517963040257374,0.7227159656197012
4. OpenMP,omp,1,spiral,16,32,10,0.003307115780000001,0.003568860380000001,0.003773305780000001,0.0001604364822616381,9.94395619314678e-05,1.0975667364157293
4. OpenMP,omp,1,spiral,16,64,10,0.00461422578,0.005478922380000001,0.006420781780000001,0.000618642477022643,0.0003834385798051071,1.496757459082674
4. OpenMP,omp,1,spiral,16,128,10,0.007864858780000001,0.008782721980000002,0.009507880780000002,0.0005910849011595922,0.0003663582173271633,2.765777738987475
4. OpenMP,omp,1,spiral,16,256,10,0.02025467178,0.022320619680000004,0.026421379780000004,0.0018981170178982037,0.001176465116248643,3.8950337574140317
4. OpenMP,omp,1,spiral,16,512,10,0.06950151478000001,0.07512088908,0.08298131578000001,0.0049136057283796315,0.003045484382643136,4.322930195809658
4. OpenMP,omp,1,spiral,16,1024,10,0.26621197478,0.27438360248000004,0.28266162778000004,0.005736324244280625,0.0035554106017974926,4.69805659299178
4. OpenMP,omp,1,spiral,16,2048,10,0.92965018178,1.00263711598,1.06821013478,0.04483409040275379,0.027788457128941173,5.174268602722947
4. OpenMP,omp,1,spiral,16,4096,10,3.79095496978,3.9022762489800003,4.02018314478,0.07307131405754394,0.04529006967249049,5.1915723300305565
4. OpenMP,omp,1,spiral,16,8192,10,15.27055895878,15.355232558280003,15.71187141378,0.12861392344149486,0.0797157356295865,5.2563239434506395
4. OpenMP,omp,1,spiral,32,16,10,0.0035141807800000003,0.003717788380000001,0.004493824780000001,0.0002877789297758496,0.00017836722861667745,0.8055968048401936
4. OpenMP,omp,1,spiral,32,32,10,0.0035235537800000004,0.003995664480000001,0.004378499780000001,0.0003206709917057773,0.00019875393981370296,0.9803281680948346
4. OpenMP,omp,1,spiral,32,64,10,0.0050418957800000015,0.005168617580000001,0.005481791780000002,0.00012866809794782536,7.974931333648593e-05,1.5866172749425964
4. OpenMP,omp,1,spiral,32,128,10,0.008557905780000001,0.008914422280000004,0.009724639780000002,0.00031290678187503217,0.00019394163270356442,2.724916565204492
4. OpenMP,omp,1,spiral,32,256,10,0.01926243478,0.020733005480000004,0.022265494780000002,0.001234756532187806,0.0007653100275069575,4.1932930188952025
4. OpenMP,omp,1,spiral,32,512,10,0.07172758378,0.07689046918,0.10712570478000001,0.010701460158954079,0.006632833724801117,4.223440996045694
4. OpenMP,omp,1,spiral,32,1024,10,0.25203636578,0.25782774948,0.26786328878000004,0.005629948845601914,0.0034894784466181867,4.9997321670761234
4. OpenMP,omp,1,spiral,32,2048,10,0.9726310197800001,0.98930320618,1.00480385478,0.013125392621101913,0.008135202629863295,5.244007819576477
4. OpenMP,omp,1,spiral,32,4096,10,3.80349745278,3.8731922300799995,3.9634810627799997,0.04610550995256567,0.028576491130199177,5.230556139456461
4. OpenMP,omp,1,spiral,32,8192,10,15.24147132378,15.348223590179998,15.556205051780001,0.09921476664115894,0.061493949461198544,5.258724312889257
3. Pthreads,pth,1,elephant,1,16,10,0.002692115780000001,0.002954074580000001,0.0034875507800000006,0.00026267445770628115,0.00016280731562227766,1.0674170724559024
3. Pthreads,pth,1,elephant,1,32,10,0.003789950780000001,0.004241697480000001,0.005073301780000001,0.0003934482740056323,0.00024386176671468436,0.8961992829342464
3. Pthreads,pth,1,elephant,1,64,10,0.006949832780000002,0.00717079038,0.007977491780000002,0.000311761459082706,0.00019323175428231294,1.086192194618301
3. Pthreads,pth,1,elephant,1,128,10,0.021267410780000003,0.02148777358,0.021898759780000002,0.00019407083597307689,0.00012028635034122111,0.929346210097212
3. Pthreads,pth,1,elephant,1,256,10,0.07848971678000001,0.07915449818000002,0.07998135178,0.0005095651098842794,0.0003158317272241072,0.9293505022635214
3. Pthreads,pth,1,elephant,1,512,10,0.26704628278000003,0.26975328598,0.27389637978000003,0.0019878838366209606,0.0012321031669210293,1.044244618250489
3. Pthreads,pth,1,elephant,1,1024,10,1.05508660978,1.06645867708,1.08613535678,0.009841533954654971,0.006099845941452419,1.0099491384786248
3. Pthreads,pth,1,elephant,1,2048,10,4.1933691277800005,4.2177535079799995,4.24116283678,0.019859246020382627,0.01230888820745658,1.0153577867785413
3. Pthreads,pth,1,elephant,1,4096,10,16.778760322780002,16.807967536980005,16.89865518378,0.034575170147471086,0.02142991247815822,0.9955754638878028
3. Pthreads,pth,1,elephant,1,8192,10,67.12650649678,67.29673197128,68.27116350178,0.3461124674760174,0.21452272986581228,0.9916763395155791
3. Pthreads,pth,1,elephant,2,16,10,0.002636834780000001,0.0028609665800000007,0.0034087207800000004,0.00022168890435312464,0.00013740420646964576,1.1021553561803576
3. Pthreads,pth,1,elephant,2,32,10,0.0031715257800000005,0.003421891080000001,0.0038555397800000006,0.00021861770478117472,0.00013550065725357176,1.110908018732145
3. Pthreads,pth,1,elephant,2,64,10,0.004847089780000001,0.005269241780000001,0.0058624107800000005,0.0003501774427001259,0.0002170422276125182,1.4781740647323265
3. Pthreads,pth,1,elephant,2,128,10,0.012962088780000002,0.013638833280000002,0.014366587780000002,0.0003788704515513479,0.00023482633874759182,1.4641707637326584
3. Pthreads,pth,1,elephant,2,256,10,0.042140687780000005,0.04254614608000001,0.04333859578,0.0004192085575189536,0.0002598281558531452,1.7289996725362626
3. Pthreads,pth,1,elephant,2,512,10,0.15368132478000002,0.15781987047999999,0.15969058278,0.0022785610464039732,0.0014122667680971414,1.7848729458670891
3. Pthreads,pth,1,elephant,2,1024,10,0.58810007278,0.60240848538,0.60660447378,0.0072344673849371625,0.004483969340542295,1.7879379993470434
3. Pthreads,pth,1,elephant,2,2048,10,2.1585003117799997,2.16584863348,2.1771196537799997,0.0071999273706491555,0.004462561217891582,1.9772983212400226
3. Pthreads,pth,1,elephant,2,4096,10,8.62119205078,8.68780344228,8.82792475178,0.06623599507769158,0.04105349507650853,1.9261025170302983
3. Pthreads,pth,1,elephant,2,8192,10,34.41955987878,34.87265083078,35.29042510478,0.31568117003899365,0.1956612163030245,1.9137225084058023
3. Pthreads,pth,1,elephant,4,16,10,0.0028048797800000005,0.002948273480000001,0.0037625147800000006,0.0002930447537231775,0.00018163102011315636,1.0695173502018542
3. Pthreads,pth,1,elephant,4,32,10,0.0028898817800000003,0.0032297113800000008,0.003860345780000001,0.0003161896579225127,0.00019597638035843019,1.1770111297065806
3. Pthreads,pth,1,elephant,4,64,10,0.0036608627800000008,0.004206107880000001,0.005064221780000001,0.00043394801244681894,0.00026896376466526887,1.8517966638554213
3. Pthreads,pth,1,elephant,4,128,10,0.009234415780000001,0.009580730580000002,0.01047801878,0.0003905076676626065,0.00024203916002048798,2.084348450595925
3. Pthreads,pth,1,elephant,4,256,10,0.027996828780000003,0.030773377780000007,0.04508566078,0.0051270058546367325,0.0031777511512233645,2.3904516808619243
3. Pthreads,pth,1,elephant,4,512,10,0.10320539278,0.10540164688,0.10834297078,0.0016988587046769868,0.0010529635341981944,2.6725238692019953
3. Pthreads,pth,1,elephant,4,1024,10,0.41613951878000005,0.4204033731800001,0.42635617278000004,0.0036263510809410172,0.0022476356861926977,2.5619894864136628
3. Pthreads,pth,1,elephant,4,2048,10,1.38603393678,1.4242253323799998,1.44716847378,0.019798227738561675,0.012271068684561584,3.0069180555042765
3. Pthreads,pth,1,elephant,4,4096,10,5.7575880037800005,5.87066569638,6.27618317678,0.15853359697370825,0.0982601414108346,2.850375228819171
3. Pthreads,pth,1,elephant,4,8192,10,22.60920335378,22.83347398268,23.00885251378,0.1337125965242443,0.08287592594685825,2.9227517842121635
3. Pthreads,pth,1,elephant,8,16,10,0.002438326780000001,0.0029728994800000005,0.0035118947800000006,0.0003251317643148013,0.00020151875532115006,1.0606580078516479
3. Pthreads,pth,1,elephant,8,32,10,0.002514566780000001,0.0031672998800000005,0.003690418780000001,0.0003330547309415442,0.00020642946091288777,1.2002040804548004
3. Pthreads,pth,1,elephant,8,64,10,0.003352224780000001,0.0038112138800000007,0.004281909780000001,0.00029089323919245325,0.0001802974975912931,2.043668181645056
3. Pthreads,pth,1,elephant,8,128,10,0.006665925780000002,0.006801293680000002,0.007068214780000002,0.00013317678272252342,8.254382511188065e-05,2.936144486558915
3. Pthreads,pth,1,elephant,8,256,10,0.017518875780000002,0.020240550880000003,0.027717689780000002,0.003538370428026735,0.0021931047125580768,3.6344007174571527
3. Pthreads,pth,1,elephant,8,512,10,0.06641140278,0.07120792048,0.07873583078,0.004448474930343282,0.0027571933272325547,3.9558579332353507
3. Pthreads,pth,1,elephant,8,1024,10,0.25669972678,0.26798091288000003,0.28620213578000003,0.009225325090793591,0.005717915730711849,4.019200511576374
3. Pthreads,pth,1,elephant,8,2048,10,0.8732722497800001,0.9202268910799999,0.94167320578,0.02326313690704518,0.014418641636731148,4.653774964143815
3. Pthreads,pth,1,elephant,8,4096,10,3.57589297878,3.66144380018,3.7629037737799997,0.06849542803903133,0.04245390613465391,4.570219014919021
3. Pthreads,pth,1,elephant,8,8192,10,14.12763984178,14.489061025480002,14.76541114678,0.1868310410110942,0.11579907893421555,4.6059973593374455
3. Pthreads,pth,1,elephant,16,16,10,0.0035540057800000006,0.004402030780000001,0.005141088780000001,0.0005536168383887503,0.00034313527142463944,0.7163124924810271
3. Pthreads,pth,1,elephant,16,32,10,0.0026508887800000005,0.0030674404800000005,0.0040993187800000015,0.00045842973678417864,0.00028413769461633776,1.2392762841807448
3. Pthreads,pth,1,elephant,16,64,10,0.0036385447800000004,0.00416549318,0.004647747780000001,0.0003228716026703702,0.0002001178926205455,1.8698521887869233
3. Pthreads,pth,1,elephant,16,128,10,0.007043095780000001,0.00739984428,0.007859268780000001,0.0002603185190374156,0.0001613470897069067,2.6986488072421984
3. Pthreads,pth,1,elephant,16,256,10,0.01747243978,0.01815614418,0.01969085078,0.0007013760784843211,0.0004347173972560246,4.051646203659967
3. Pthreads,pth,1,elephant,16,512,10,0.059495176780000006,0.06430072958,0.07017482978,0.00327501350424265,0.0020298744000783932,4.380796594065645
3. Pthreads,pth,1,elephant,16,1024,10,0.21791186078000002,0.24232844778,0.29430629678000003,0.02087360174773153,0.0129375924008442,4.444666039035691
3. Pthreads,pth,1,elephant,16,2048,10,0.8036121417800001,0.8612484735800001,0.9079415567800001,0.03842201520961173,0.02381421174977695,4.9724661330760584
3. Pthreads,pth,1,elephant,16,4096,10,3.27184010978,3.3619305481800006,3.49929081078,0.06817720583884787,0.0422566699715504,4.977378276508069
3. Pthreads,pth,1,elephant,16,8192,10,13.17749318578,13.26285930668,13.47001545178,0.10071007256765306,0.06242074967638662,5.031839310021732
3. Pthreads,pth,1,elephant,32,16,10,0.0030392947800000005,0.003273378980000001,0.003890341780000001,0.0002622750045043054,0.0001625597319626471,0.9632950108331176
3. Pthreads,pth,1,elephant,32,32,10,0.0028809337800000004,0.003249339080000001,0.00402983078,0.0004225947261457877,0.0002619269249119765,1.169901369604061
3. Pthreads,pth,1,elephant,32,64,10,0.00402348978,0.0041953117800000005,0.004461070780000001,0.00015503584850536282,9.609221444973659e-05,1.8565620264818556
3. Pthreads,pth,1,elephant,32,128,10,0.0068737677800000015,0.007164280380000001,0.007761878780000002,0.00025501344132905816,0.00015805896847727788,2.7873812694081073
3. Pthreads,pth,1,elephant,32,256,10,0.017419909780000003,0.018617886680000004,0.019868144780000003,0.0008795048777178176,0.0005451227708559706,3.9511612625198334
3. Pthreads,pth,1,elephant,32,512,10,0.05992420778,0.061613015680000015,0.06499607178000001,0.0015646483768214142,0.0009697791111760505,4.571897902271288
3. Pthreads,pth,1,elephant,32,1024,10,0.21262007578,0.22082400078000003,0.22896552378,0.005283234777429386,0.003274582840777563,4.877499811322818
3. Pthreads,pth,1,elephant,32,2048,10,0.82160550878,0.8455528559800001,0.8640708567800001,0.014063305756095813,0.008716527213641356,5.064767786842288
3. Pthreads,pth,1,elephant,32,4096,10,3.2326211837799996,3.3101900407800002,3.39387304478,0.0543802104055619,0.03370520360606983,5.05517806273653
3. Pthreads,pth,1,elephant,32,8192,10,13.039699046780001,13.17482356038,13.42851933378,0.12704970343085206,0.07874622202251866,5.065462661931475
3. Pthreads,pth,1,full,1,16,10,0.0023456697800000007,0.0027136457800000006,0.003317134780000001,0.0003800089939523361,0.0002355320146387525,0.9668947065007134
3. Pthreads,pth,1,full,1,32,10,0.0024923317800000003,0.0029986676800000003,0.0036364927800000006,0.0003364074749613596,0.00020850751318565635,0.9413215938619782
3. Pthreads,pth,1,full,1,64,10,0.002997945780000001,0.0033634097800000007,0.0040244747800000005,0.00030772013214680054,0.00019072691389649023,0.9572924949989292
3. Pthreads,pth,1,full,1,128,10,0.0059650477800000015,0.006292501780000001,0.006701362780000001,0.00020664558733520324,0.00012808026198288743,0.8140883100393815
3. Pthreads,pth,1,full,1,256,10,0.01592877078,0.016181921180000003,0.016520474780000002,0.0001959762617156594,0.00012146734545196129,0.8325757918442658
3. Pthreads,pth,1,full,1,512,10,0.052780152780000006,0.053284730880000006,0.05392165778000001,0.0003990120133748272,0.00024731020810266844,0.9147508626771542
3. Pthreads,pth,1,full,1,1024,10,0.18708664578,0.20464883398000003,0.22445203878,0.011002026900697905,0.006819126921391114,0.867082025775635
3. Pthreads,pth,1,full,1,2048,10,0.62572266478,0.66702576388,0.80846150878,0.0611581582879291,0.03790621922742812,0.9343700213536646
3. Pthreads,pth,1,full,1,4096,10,2.48012235078,2.51374417458,2.7006961287799998,0.06796408489252002,0.04212457624048305,0.9560716714307453
3. Pthreads,pth,1,full,1,8192,10,9.89321726878,9.93452044308,10.14228953978,0.07450688924329966,0.04617984839101434,0.9546920192555914
3. Pthreads,pth,1,full,2,16,10,0.002432880780000001,0.0027666884800000005,0.0030705167800000005,0.00023507682145113048,0.00014570212345606692,0.9483574890946882
3. Pthreads,pth,1,full,2,32,10,0.0025253317800000004,0.0028248880800000008,0.0032929587800000003,0.00023213568778724124,0.00014387918992501327,0.9992291942412105
3. Pthreads,pth,1,full,2,64,10,0.0029458327800000006,0.0033625408800000015,0.003994159780000001,0.000389781155061957,0.00024158886284538248,0.9575398649131067
3. Pthreads,pth,1,full,2,128,10,0.00442995478,0.004538041680000001,0.0046189257800000015,6.834754122611564e-05,4.2362244938369424e-05,1.1288243919346286
3. Pthreads,pth,1,full,2,256,10,0.008122671780000002,0.008427776380000002,0.008759322780000002,0.000215928360807828,0.00013383378458955688,1.59860385854234
3. Pthreads,pth,1,full,2,512,10,0.023116092780000003,0.024264715880000003,0.02606097078,0.001133862622201203,0.0007027753342178134,2.0087708333801433
3. Pthreads,pth,1,full,2,1024,10,0.08277210778,0.08446380688000002,0.08584830178000001,0.0010244977978282784,0.0006349903137969568,2.1008681954402575
3. Pthreads,pth,1,full,2,2048,10,0.32084276278,0.32252166958000006,0.32721647278000004,0.002213363343897443,0.0013718568134235233,1.9324248136617252
3. Pthreads,pth,1,full,2,4096,10,1.2719710717800001,1.2961375406799998,1.3207572517800001,0.01802265027116055,0.011170554368585644,1.8542164848331864
3. Pthreads,pth,1,full,2,8192,10,5.08949840978,5.12722634768,5.168127789780001,0.030363874222814596,0.018819724221669946,1.8498124988048488
3. Pthreads,pth,1,full,4,16,10,0.0025032207800000004,0.0028288416800000007,0.0033051257800000007,0.0002722032004009954,0.0001687132915322632,0.927520885509577
3. Pthreads,pth,1,full,4,32,10,0.0026848777800000004,0.0028097748800000005,0.003092359780000001,0.00012674866237247302,7.855963484143238e-05,1.0046038421412609
3. Pthreads,pth,1,full,4,64,10,0.002892510780000001,0.0031401755800000005,0.0034954817800000007,0.000172620939876173,0.00010699156700214739,1.0253461495933294
3. Pthreads,pth,1,full,4,128,10,0.004512534780000001,0.004897336380000001,0.005343227780000001,0.0002628336038126699,0.0001629059554009571,1.0460078178252483
3. Pthreads,pth,1,full,4,256,10,0.008894992780000001,0.009226476580000002,0.010248850780000002,0.000421017471987618,0.00026094933265657407,1.460218938744653
3. Pthreads,pth,1,full,4,512,10,0.025573339780000003,0.02589302458,0.026578094780000002,0.000327299212063688,0.0002028621533539438,1.8824472741453677
3. Pthreads,pth,1,full,4,1024,10,0.08539980178,0.08711145428,0.08859380878,0.0011863834441791996,0.0007353280769366144,2.0370148450241214
3. Pthreads,pth,1,full,4,2048,10,0.30642817678,0.31430860198,0.32330991178,0.005434307365635432,0.0033682186010441303,1.982920204263638
3. Pthreads,pth,1,full,4,4096,10,1.23009896278,1.28379280318,1.31496824978,0.02603139322632816,0.016134424679484498,1.872046321327626
3. Pthreads,pth,1,full,4,8192,10,4.85977594578,4.92929780268,4.96371519778,0.035925489932340494,0.022266849351754298,1.9240889396017908
3. Pthreads,pth,1,full,8,16,10,0.0024076937800000006,0.0027984572800000005,0.003117530780000001,0.00024854185900221676,0.0001540478401945281,0.9375914932673189
3. Pthreads,pth,1,full,8,32,10,0.0027187257800000007,0.0028544532800000005,0.0030293757800000007,0.00010679770242144718,6.619390175083196e-05,0.9888796077965587
3. Pthreads,pth,1,full,8,64,10,0.002880154780000001,0.0030535292800000008,0.003301567780000001,0.0001297199543394667,8.040126068240853e-05,1.054441154728341
3. Pthreads,pth,1,full,8,128,10,0.00434806978,0.004678789280000001,0.005064976780000001,0.00021398262468883374,0.00013262780484866793,1.094867033635676
3. Pthreads,pth,1,full,8,256,10,0.00851633478,0.008834765480000001,0.00935496478,0.0003205071689203606,0.00019865240139933118,1.5249613439654084
3. Pthreads,pth,1,full,8,512,10,0.024891058780000003,0.025647488180000004,0.027136507780000003,0.0007947727718333084,0.0004926052675306,1.9004688957419764
3. Pthreads,pth,1,full,8,1024,10,0.08141576278000001,0.08287989918,0.08493293478000001,0.0010573839463228942,0.0006553733598088035,2.1410176326906103
3. Pthreads,pth,1,full,8,2048,10,0.26507274578,0.27059697098,0.28001823778,0.005222190645806061,0.003236747296009066,2.3032367102367335
3. Pthreads,pth,1,full,8,4096,10,1.03511024078,1.0657896098800002,1.08707749078,0.017432114276297823,0.01080453636690602,2.2549662449895678
3. Pthreads,pth,1,full,8,8192,10,4.14207701578,4.24040223358,4.40272666378,0.0758906520325395,0.04703751345346988,2.2366763480672676
3. Pthreads,pth,1,full,16,16,10,0.0027033067800000007,0.0028631567800000007,0.003095935780000001,0.00011353266047461612,7.036827199999858e-05,0.9164044939236612
3. Pthreads,pth,1,full,16,32,10,0.0027980357800000007,0.0029400557800000004,0.0032990277800000003,0.00016355091725073123,0.00010136990873671877,0.960087444327332
3. Pthreads,pth,1,full,16,64,10,0.0028773987800000005,0.003387753680000001,0.0042954557800000005,0.0003800316451661039,0.00023554605400649814,0.9504135318362341
3. Pthreads,pth,1,full,16,128,10,0.004160928780000002,0.004577336480000001,0.006091834780000001,0.0005530075364071653,0.0003427576221438856,1.119133837414548
3. Pthreads,pth,1,full,16,256,10,0.0069642107800000005,0.0074167886799999996,0.008774772780000002,0.0005161228380878703,0.00031989624927444284,1.8165106788508365
3. Pthreads,pth,1,full,16,512,10,0.017809459780000002,0.018237116880000005,0.018925066780000003,0.00039062434538695776,0.0002421114776232744,2.672695133815471
3. Pthreads,pth,1,full,16,1024,10,0.058334716780000004,0.059699915879999996,0.062453000780000004,0.0013329647582311017,0.0008261801166422076,2.9723211988552647
3. Pthreads,pth,1,full,16,2048,10,0.19017415178000002,0.19430169138000003,0.20257696578,0.003734474342464785,0.002314651177987084,3.2076348528593033
3. Pthreads,pth,1,full,16,4096,10,0.74651737778,0.7648881859800001,0.7907634677800001,0.012466902905967723,0.007727066476001875,3.142053490420678
3. Pthreads,pth,1,full,16,8192,10,2.95889044278,3.00381133668,3.07188986678,0.03575181230147969,0.022159202840894444,3.1574577492016385
3. Pthreads,pth,1,full,32,16,10,0.002795047780000001,0.00321141138,0.003918528780000001,0.000353961719717511,0.00021938774680822337,0.8170269795830393
3. Pthreads,pth,1,full,32,32,10,0.0029730947800000007,0.003438393280000001,0.00538456778,0.0007097454257508657,0.00043990477243469685,0.8209388543244245
3. Pthreads,pth,1,full,32,64,10,0.0034867767800000004,0.003882675280000001,0.004532100780000001,0.0003415242926841209,0.00021167894966732132,0.8292650576743569
3. Pthreads,pth,1,full,32,128,10,0.004037560780000001,0.00443579108,0.004878530780000001,0.0002809822829262648,0.0001741546232553643,1.1548452232335524
3. Pthreads,pth,1,full,32,256,10,0.005860729780000001,0.006239299380000003,0.006647913780000002,0.00031496487341755046,0.0001952172510574319,2.1593251131988462
3. Pthreads,pth,1,full,32,512,10,0.012730179780000002,0.013803330380000001,0.015356101780000003,0.0010641739889403216,0.0006595818718246172,3.5311951679881473
3. Pthreads,pth,1,full,32,1024,10,0.04024591478,0.04434996618,0.049061655780000005,0.0029500881939022025,0.0018284836062562697,4.001070143318879
3. Pthreads,pth,1,full,32,2048,10,0.14251850278,0.14722794068000003,0.15525659378,0.004664034639986818,0.0028907986194632294,4.23322417172588
3. Pthreads,pth,1,full,32,4096,10,0.53878636278,0.57579854728,0.5965710467800001,0.017107539674995842,0.010603362944797978,4.173889645767569
3. Pthreads,pth,1,full,32,8192,10,2.2259278867799996,2.26816578638,2.37530738678,0.05349029833544453,0.03315363039053594,4.181531808253375
3. Pthreads,pth,1,seahorse,1,16,10,0.0025263417800000004,0.002800074280000001,0.003332721780000001,0.0002455520117039024,0.00015219471364004837,1.0643787778372793
3. Pthreads,pth,1,seahorse,1,32,10,0.003668910780000001,0.0042345103800000014,0.004856429780000001,0.00041981606801847035,0.0002602046947618094,0.9239106269471464
3. Pthreads,pth,1,seahorse,1,64,10,0.007279180780000002,0.0076010007800000005,0.008161697780000001,0.0002536354493165337,0.00015720488017928694,0.9635439005967315
3. Pthreads,pth,1,seahorse,1,128,10,0.02302885878,0.023742279380000002,0.025036724780000002,0.000566692245652141,0.0003512394928088177,0.8952558429543679
3. Pthreads,pth,1,seahorse,1,256,10,0.08579281778,0.08865404848,0.08989056478,0.001394515919708825,0.0008643299217702982,0.8894917332262592
3. Pthreads,pth,1,seahorse,1,512,10,0.28820068378,0.30768340408000006,0.33575352778,0.014804044533099641,0.00917564186420313,0.9660361868679699
3. Pthreads,pth,1,seahorse,1,1024,10,1.12054233378,1.1436612492800002,1.21035959478,0.03283282513382538,0.020349995850418526,1.0027690556639854
3. Pthreads,pth,1,seahorse,1,2048,10,4.44548916678,4.47051651718,4.536153066780001,0.026582079927798423,0.0164757438332315,1.0228587234533832
3. Pthreads,pth,1,seahorse,1,4096,10,17.80361731778,17.842227803680004,17.969816882780002,0.05128244241845413,0.03178518711567476,0.9941724603573013
3. Pthreads,pth,1,seahorse,1,8192,10,71.18790626778,71.24619577968,71.31232383077999,0.032088574973551706,0.019888704821958137,0.9940792025451511
3. Pthreads,pth,1,seahorse,2,16,10,0.0025261747800000007,0.0029217367800000002,0.003294850780000001,0.00028506919102210963,0.00017668771513681194,1.0200575426236722
3. Pthreads,pth,1,seahorse,2,32,10,0.0032410717800000007,0.0034487657800000003,0.003963007780000001,0.00026164101574697947,0.0001621667816597655,1.1344084781541761
3. Pthreads,pth,1,seahorse,2,64,10,0.00507649678,0.005450596680000001,0.005958225780000001,0.00030456101615584035,0.00018876887351936778,1.3436873740582833
3. Pthreads,pth,1,seahorse,2,128,10,0.01472929878,0.014896053680000004,0.01526886778,0.00015717888894041835,9.742048467268884e-05,1.4269157990843118
3. Pthreads,pth,1,seahorse,2,256,10,0.049625475780000004,0.050274035980000006,0.051277056780000003,0.0005664302668060342,0.0003510771166377316,1.5685441143291317
3. Pthreads,pth,1,seahorse,2,512,10,0.18271861278,0.18365554418000002,0.18423421278000002,0.0004927928589327941,0.0003054361783831617,1.6184281491044066
3. Pthreads,pth,1,seahorse,2,1024,10,0.6818748077800001,0.69400439658,0.7036868057800001,0.010185325578046186,0.00631293019725142,1.6524796047279815
3. Pthreads,pth,1,seahorse,2,2048,10,2.5608027397799997,2.5731188502799998,2.58235989678,0.007752555479389152,0.004805083668330902,1.777106726897753
3. Pthreads,pth,1,seahorse,2,4096,10,10.25609153378,10.33239424708,10.52877252378,0.07862007105293457,0.04872922488898295,1.7167610032740417
3. Pthreads,pth,1,seahorse,2,8192,10,41.05219586678,41.229045044479996,41.66878581378,0.22148133612421128,0.13727555434848807,1.717826872017799
3. Pthreads,pth,1,seahorse,4,16,10,0.0026758747800000007,0.002868032480000001,0.0032090837800000005,0.00016673858679451883,0.00010334564678923723,1.0391582594629472
3. Pthreads,pth,1,seahorse,4,32,10,0.002685504780000001,0.0030174391800000012,0.0032302307800000005,0.00015492186633497254,9.602156756860437e-05,1.2965660305371918
3. Pthreads,pth,1,seahorse,4,64,10,0.00395809578,0.00443283158,0.005071024780000001,0.0003936759152466517,0.00024400286021764207,1.6521940452337236
3. Pthreads,pth,1,seahorse,4,128,10,0.00928668378,0.009921035480000001,0.010608975780000002,0.000355613181753886,0.00022041133358305539,2.1424592607141855
3. Pthreads,pth,1,seahorse,4,256,10,0.028713677780000002,0.029404253380000002,0.030632803780000002,0.0005921292118679656,0.00036700548781014265,2.681824368090791
3. Pthreads,pth,1,seahorse,4,512,10,0.11094199478000001,0.11277828608,0.11783727378,0.0019938377995369194,0.0012357934713690764,2.6355543497899556
3. Pthreads,pth,1,seahorse,4,1024,10,0.40959622178000005,0.43204788078000006,0.44423670678000005,0.009087751440701203,0.005632646698970113,2.6544005004018705
3. Pthreads,pth,1,seahorse,4,2048,10,1.42266842078,1.50416435858,1.58147093678,0.05206595739812453,0.03227081473133208,3.0400313581800624
3. Pthreads,pth,1,seahorse,4,4096,10,6.07878850478,6.17803613088,6.26221156178,0.0612934928582273,0.03799010046313541,2.871179633472516
3. Pthreads,pth,1,seahorse,4,8192,10,24.29901163978,24.473261573379993,24.58766071978,0.07212230011776477,0.04470186473862389,2.893948617052209
3. Pthreads,pth,1,seahorse,8,16,10,0.0027039667800000003,0.002821615080000001,0.0031418707800000005,0.00014765648193022587,9.15184356606538e-05,1.0562530875047633
3. Pthreads,pth,1,seahorse,8,32,10,0.002407157780000001,0.0028839676800000006,0.0031335757800000003,0.00020732916785496758,0.00012850394957857655,1.3565717699027748
3. Pthreads,pth,1,seahorse,8,64,10,0.0037586757800000003,0.004611412580000001,0.005496617780000001,0.0005817360457173379,0.00036056373669137923,1.5882113805570608
3. Pthreads,pth,1,seahorse,8,128,10,0.007173864780000001,0.00846724708,0.009706243780000002,0.0008521334551757663,0.000528157787401746,2.5103099199982255
3. Pthreads,pth,1,seahorse,8,256,10,0.018070447780000002,0.01917665608,0.022087465780000003,0.0014438636982680299,0.0008949159918027732,4.1121373252473745
3. Pthreads,pth,1,seahorse,8,512,10,0.06338545778,0.06749346838,0.07195699978,0.003669536827452756,0.002274402489193324,4.403882472990196
3. Pthreads,pth,1,seahorse,8,1024,10,0.24104543278,0.26714437288000004,0.30059157678000004,0.016813659705161958,0.010421214252376156,4.292915095221375
3. Pthreads,pth,1,seahorse,8,2048,10,0.9224073987800001,0.99260567738,1.01805880378,0.030579081682313002,0.01895311118699873,4.6067707672292775
3. Pthreads,pth,1,seahorse,8,4096,10,3.8025423147799997,3.88387804458,4.039698194780001,0.08166783148955038,0.050618246378464966,4.567149459956383
3. Pthreads,pth,1,seahorse,8,8192,10,15.04243576878,15.233100741180001,15.658193991780001,0.182906244092171,0.11336646460120348,4.649372618772147
3. Pthreads,pth,1,seahorse,16,16,10,0.0027849157800000006,0.0030656322800000006,0.003578805780000001,0.000235407762869381,0.00014590724307220353,0.9721777981800218
3. Pthreads,pth,1,seahorse,16,32,10,0.0025875677800000006,0.003173152380000001,0.0036042397800000003,0.00028081563135037743,0.00017405133153849402,1.2329408334307599
3. Pthreads,pth,1,seahorse,16,64,10,0.0034867057800000005,0.0038467738800000003,0.0043230357800000015,0.0002130703373909139,0.00013206236332326195,1.9039065379117106
3. Pthreads,pth,1,seahorse,16,128,10,0.006569642780000001,0.006822029780000001,0.007163045780000002,0.00018214081740358076,0.00011289204822450966,3.1157023679835074
3. Pthreads,pth,1,seahorse,16,256,10,0.01653776678,0.016844004980000004,0.01794358278,0.00042124257123704877,0.000261088850616822,4.681608877083103
3. Pthreads,pth,1,seahorse,16,512,10,0.059874226780000005,0.06280010518,0.06895046178,0.0026482151660723063,0.0016413807651619516,4.733006443031567
3. Pthreads,pth,1,seahorse,16,1024,10,0.22024691578000002,0.24220272938000004,0.25234315478,0.009095339832471586,0.005637350032917443,4.734992515879961
3. Pthreads,pth,1,seahorse,16,2048,10,0.8381983927800001,0.90113829798,0.9362505587800001,0.032280191363992045,0.020007469891197206,5.074367417509856
3. Pthreads,pth,1,seahorse,16,4096,10,3.44614339978,3.54231202198,3.68846703978,0.08412254955617307,0.052139696398867126,5.007535023389916
3. Pthreads,pth,1,seahorse,16,8192,10,13.79872259378,13.88249170158,14.35943397678,0.1692699120391302,0.10491457843048156,5.101703858895829
3. Pthreads,pth,1,seahorse,32,16,10,0.002858190780000001,0.003302792880000001,0.003981128780000001,0.00037912903004311526,0.00023498660735722331,0.9023695243039278
3. Pthreads,pth,1,seahorse,32,32,10,0.0031314847800000003,0.0032477603800000004,0.003420488780000001,8.26028907850352e-05,5.1197802134189675e-05,1.2046175463227986
3. Pthreads,pth,1,seahorse,32,64,10,0.00397631478,0.00437223168,0.0047699127800000015,0.00024664761387563545,0.00015287377490138062,1.6750937452610013
3. Pthreads,pth,1,seahorse,32,128,10,0.006741109780000001,0.007099237980000002,0.0075153777800000005,0.0002620795202040787,0.00016243856953808503,2.9940416703709376
3. Pthreads,pth,1,seahorse,32,256,10,0.017149139780000003,0.018689505080000002,0.020702687780000003,0.001106986208045475,0.0006861171601400755,4.219322175865772
3. Pthreads,pth,1,seahorse,32,512,10,0.05866202478,0.06031847478,0.06235967278,0.001120505181578976,0.0006944963067467814,4.927732399138094
3. Pthreads,pth,1,seahorse,32,1024,10,0.21222145978,0.22139409448,0.23213658778000001,0.005774659139857989,0.003579170816239773,5.180030269703515
3. Pthreads,pth,1,seahorse,32,2048,10,0.87943907478,0.8990098183799999,0.9140991957800001,0.010142509599042008,0.006286392578526401,5.086381399237594
3. Pthreads,pth,1,seahorse,32,4096,10,3.46242540678,3.4939066571799997,3.59439172678,0.0448501703083582,0.027798423557690185,5.07691053434063
3. Pthreads,pth,1,seahorse,32,8192,10,13.66010336578,13.73499825448,13.91722394678,0.07744491479125082,0.04800085549185116,5.156488568314082
3. Pthreads,pth,1,spiral,1,16,10,0.0026752027800000006,0.0042782578800000005,0.01329310178,0.0032971200992646917,0.002043576209628189,0.7000602871559486
3. Pthreads,pth,1,spiral,1,32,10,0.003762441780000001,0.004293999080000001,0.00498833578,0.0003699591170212218,0.00022930303638263845,0.9122178107220273
3. Pthreads,pth,1,spiral,1,64,10,0.007760728780000002,0.008204592580000001,0.009767791780000002,0.0006009558402259963,0.0003724762887456996,0.9995155591260324
3. Pthreads,pth,1,spiral,1,128,10,0.02590111578,0.026468419180000008,0.027616970780000003,0.0006464662357356856,0.0004006839241227403,0.9177373523823722
3. Pthreads,pth,1,spiral,1,256,10,0.08634084478000001,0.08875112308000001,0.09045146278,0.0013499481469630217,0.0008367065300352652,0.9795883603820192
3. Pthreads,pth,1,spiral,1,512,10,0.31994153078000004,0.32590596478,0.33225707778,0.004173272590844104,0.002586621150028587,0.9964296295074394
3. Pthreads,pth,1,spiral,1,1024,10,1.27404342978,1.28189378478,1.29864696078,0.007114805147056378,0.004409801917105527,1.005597895820387
3. Pthreads,pth,1,spiral,1,2048,10,5.066518948780001,5.08042162548,5.10099862678,0.011976545158977541,0.007423139595637556,1.021158110799484
3. Pthreads,pth,1,spiral,1,4096,10,20.26920402478,20.28916043348,20.32922239178,0.018257014103215525,0.011315814576635589,0.9985109765759382
3. Pthreads,pth,1,spiral,1,8192,10,81.01604932677999,81.07232242938,81.17976180378,0.0531347253914545,0.03293324399657731,0.9955564875256435
3. Pthreads,pth,1,spiral,2,16,10,0.0024793597800000003,0.002889572980000001,0.0031928127800000005,0.00021747588727427541,0.0001347929514307366,1.0364986317113192
3. Pthreads,pth,1,spiral,2,32,10,0.0031476567800000003,0.0036107733800000005,0.004210833780000001,0.00035606013718228366,0.0002206883594276527,1.0848264423617746
3. Pthreads,pth,1,spiral,2,64,10,0.005709125780000001,0.006067406780000002,0.006740330780000001,0.00032734682083007254,0.00020289166157306358,1.3515853209367306
3. Pthreads,pth,1,spiral,2,128,10,0.015817507780000004,0.01647507208,0.01800066678,0.0007406437242621443,0.0004590557362621052,1.4744127869090335
3. Pthreads,pth,1,spiral,2,256,10,0.05306881478,0.05354526458000001,0.05396523978000001,0.0003012476502126159,0.00018671522803133237,1.6236649089688742
3. Pthreads,pth,1,spiral,2,512,10,0.20302738478000001,0.20585159028,0.21143021478000001,0.003541926680332619,0.002195308900573357,1.5775557492574352
3. Pthreads,pth,1,spiral,2,1024,10,0.75286653778,0.76657925368,0.78014191278,0.012140163505135153,0.007524551297243746,1.6815869806699828
3. Pthreads,pth,1,spiral,2,2048,10,2.75435221378,2.77411882898,2.79690956078,0.013835045429639667,0.008575049997554573,1.8701123019476116
3. Pthreads,pth,1,spiral,2,4096,10,11.13353203478,11.23614301058,11.347906398780001,0.0739560886408335,0.04583845864069868,1.8030163357002567
3. Pthreads,pth,1,spiral,2,8192,10,44.23820596578,44.499477903080006,45.07970721078,0.25674509542402946,0.1591322588049726,1.8137758094405318
3. Pthreads,pth,1,spiral,4,16,10,0.002658034780000001,0.0029101099800000006,0.0036291107800000004,0.00028568235191663867,0.00017706775619658814,1.02918393482847
3. Pthreads,pth,1,spiral,4,32,10,0.0028498957800000006,0.0031225617800000006,0.003321829780000001,0.0001497162488568886,9.27950924283723e-05,1.25443873203367
3. Pthreads,pth,1,spiral,4,64,10,0.003950925780000001,0.004301295380000001,0.00489046678,0.00029603587143310086,0.00018348493407690917,1.9065461019326684
3. Pthreads,pth,1,spiral,4,128,10,0.010050296780000002,0.01062093228,0.011501114780000002,0.0004971285096626311,0.00030812344254643195,2.2870927240296846
3. Pthreads,pth,1,spiral,4,256,10,0.03204520478,0.03359299148,0.03479774178,0.0008594879815925363,0.0005327161701011646,2.5880269457919676
3. Pthreads,pth,1,spiral,4,512,10,0.12258593278,0.12453020078000002,0.12671446378,0.0015522197862726924,0.0009620757909450883,2.607739790877738
3. Pthreads,pth,1,spiral,4,1024,10,0.47241730078000005,0.47958874518000005,0.48912354178,0.004719963252753656,0.0029254635327957182,2.6878647707968715
3. Pthreads,pth,1,spiral,4,2048,10,1.6322407307800002,1.6663989436800002,1.70880002678,0.026814852424530147,0.016620017721429504,3.1132483423706723
3. Pthreads,pth,1,spiral,4,4096,10,6.65902649478,6.721058778679999,6.82566263178,0.04753069418518116,0.029459829469242315,3.0142496986641163
3. Pthreads,pth,1,spiral,4,8192,10,26.37555808378,26.621773714380005,26.73392836678,0.10686232225573916,0.06623395353907548,3.0318068743008886
3. Pthreads,pth,1,spiral,8,16,10,0.0025312807800000003,0.002898183780000001,0.004082218780000001,0.0004578965371546527,0.0002838072140620732,1.0334190884195753
3. Pthreads,pth,1,spiral,8,32,10,0.0025864457800000005,0.003091793580000001,0.0034505617800000003,0.0002875746336784398,0.00017824060458363736,1.266922366790088
3. Pthreads,pth,1,spiral,8,64,10,0.0034006427800000005,0.0037075278800000008,0.0040566457800000014,0.00018751971510125442,0.00011622592355754383,2.211883013540547
3. Pthreads,pth,1,spiral,8,128,10,0.007025107780000001,0.007546868180000002,0.009935026780000002,0.0009155837562893598,0.0005674846914712708,3.2186936833445525
3. Pthreads,pth,1,spiral,8,256,10,0.019647721780000002,0.02433427418,0.028931193780000003,0.0037362150072229286,0.0023157300531816737,3.5727207845572155
3. Pthreads,pth,1,spiral,8,512,10,0.07266420378,0.07791188118,0.08657514278,0.0052855895412503365,0.003276042338514652,4.168072376403631
3. Pthreads,pth,1,spiral,8,1024,10,0.29475495978,0.3229023087800001,0.39818360578,0.0318093054294308,0.019715611765212502,3.992135260693566
3. Pthreads,pth,1,spiral,8,2048,10,0.97922109278,1.05428712208,1.10363149878,0.035753875330679585,0.02216048151964006,4.920778828166638
3. Pthreads,pth,1,spiral,8,4096,10,4.109729643780001,4.15612181178,4.25466183278,0.046381875630067536,0.028747784351767464,4.874484030020144
3. Pthreads,pth,1,spiral,8,8192,10,16.30827948278,16.713739365080002,18.24572696678,0.6344325203567152,0.3932253500576387,4.829085508056423
3. Pthreads,pth,1,spiral,16,16,10,0.0026592037800000005,0.00300421718,0.0032689237800000008,0.00021375686797501725,0.0001324878793877719,0.9969447148957453
3. Pthreads,pth,1,spiral,16,32,10,0.0028049377800000003,0.003471279180000001,0.004063030780000001,0.0004423744019463353,0.00027418649498622767,1.1284204573830905
3. Pthreads,pth,1,spiral,16,64,10,0.004192805780000001,0.004611322480000001,0.0051290727800000005,0.000274736586340059,0.00017028350040516156,1.7783657455246975
3. Pthreads,pth,1,spiral,16,128,10,0.0077336087800000015,0.008299403780000002,0.009425020780000001,0.0004738739124551547,0.00029371009387033027,2.9268436123733217
3. Pthreads,pth,1,spiral,16,256,10,0.019409150780000002,0.020757397380000004,0.024059931780000002,0.0013720746385580732,0.0008504206716087764,4.188365504037963
3. Pthreads,pth,1,spiral,16,512,10,0.06902259578,0.07447828068000002,0.08368108878000001,0.005778226288628804,0.0035813817579539884,4.360229006027585
3. Pthreads,pth,1,spiral,16,1024,10,0.25748847578,0.26979753808,0.28575135978,0.008735095188423057,0.0054140680892637285,4.777914957317982
3. Pthreads,pth,1,spiral,16,2048,10,0.9457321507800001,1.02218118528,1.09065326978,0.0401409082578122,0.02487959269873939,5.075336764018901
3. Pthreads,pth,1,spiral,16,4096,10,3.88896281578,3.9506399309799995,4.09664518978,0.0651081448225685,0.04035444624601352,5.128017169946071
3. Pthreads,pth,1,spiral,16,8192,10,15.58424075278,15.648917301780003,15.915277401780001,0.09733477074131879,0.0603287159302851,5.157678003970237
3. Pthreads,pth,1,spiral,32,16,10,0.003057240780000001,0.0035357049800000006,0.004111015780000001,0.0004460092706569626,0.000276439409953995,0.8470838084460315
3. Pthreads,pth,1,spiral,32,32,10,0.0031274997800000005,0.0035601503800000004,0.004161552780000001,0.00028571366512576896,0.00017708716432468153,1.1002519618286462
3. Pthreads,pth,1,spiral,32,64,10,0.00419072478,0.004316730480000001,0.004600566780000001,0.00012923200377533772,8.009882578943903e-05,1.899728968022112
3. Pthreads,pth,1,spiral,32,128,10,0.007233322780000001,0.007654487980000002,0.008034666780000001,0.00029105073411073905,0.00018039511395298338,3.173439817721159
3. Pthreads,pth,1,spiral,32,256,10,0.019264672780000002,0.020764068180000005,0.02295846978,0.0012325568179395938,0.0007639466304906859,4.18701992241291
3. Pthreads,pth,1,spiral,32,512,10,0.07040425078000001,0.07189766028,0.07565099078000001,0.0015861809989964554,0.0009831251686695703,4.516730565018603
3. Pthreads,pth,1,spiral,32,1024,10,0.25312512278,0.25657497958000003,0.26152814478,0.002521485008839912,0.0015628325999251685,5.024144188767512
3. Pthreads,pth,1,spiral,32,2048,10,0.9625488617800001,1.01247005058,1.04159222578,0.021299057696015804,0.01320129272961064,5.1240169980021335
3. Pthreads,pth,1,spiral,32,4096,10,3.8516217027799997,3.9382138860800007,4.02442291878,0.057906058636516586,0.0358905469804727,5.1441973403088195
3. Pthreads,pth,1,spiral,32,8192,10,15.48728588778,15.618363321979999,15.88916525278,0.13282565189958495,0.08232619197307439,5.167767895356389
1. Sequential (I/O & Mem.),seq,0,elephant,1,16,10,0.00296606994,0.0031745700400000005,0.0034408099400000005,0.000158602960956983,9.83031336530817e-05,0.993277703836706
1. Sequential (I/O & Mem.),seq,0,elephant,1,32,10,0.00376899594,0.00414203174,0.0047407629400000005,0.0002714328806504065,0.00016823584240432236,0.9177636673542248
1. Sequential (I/O & Mem.),seq,0,elephant,1,64,10,0.00772704294,0.010867814839999998,0.03038668194,0.006958162804195029,0.004312713987138018,0.7166902136878882
1. Sequential (I/O & Mem.),seq,0,elephant,1,128,10,0.023007115940000003,0.023857505840000005,0.025148076940000003,0.0007985057081366211,0.0004949189654220443,0.8370355675033966
1. Sequential (I/O & Mem.),seq,0,elephant,1,256,10,0.07893700094,0.08141424654,0.08499739094,0.002272745334422137,0.001408662152465827,0.9035552838268643
1. Sequential (I/O & Mem.),seq,0,elephant,1,512,10,0.30487205694,0.33173703394,0.38350406594,0.024464346494321502,0.015163159052363852,0.8491316564642221
1. Sequential (I/O & Mem.),seq,0,elephant,1,1024,10,1.20820821294,1.24328113084,1.28091141094,0.023551407749148916,0.014597313755767413,0.8663117258220576
1. Sequential (I/O & Mem.),seq,0,elephant,1,2048,10,4.73877176594,4.822492067440001,4.88350315894,0.05204077997858687,0.03225520960502853,0.8880323299968357
1. Sequential (I/O & Mem.),seq,0,elephant,1,4096,10,18.97016680894,19.084788505840002,19.50505074794,0.16128894038415006,0.09996792094976933,0.8768030136943601
1. Sequential (I/O & Mem.),seq,0,elephant,1,8192,10,75.92424220294,76.23559730174,77.79869211194,0.5552643982315725,0.3441564395948498,0.875399146654509
1. Sequential (I/O & Mem.),seq,0,full,1,16,10,0.00267407094,0.00285274874,0.0031423389400000007,0.0001665190094372279,0.00010320955133319579,0.9197479270466701
1. Sequential (I/O & Mem.),seq,0,full,1,32,10,0.00274085494,0.00319271084,0.0034864339400000007,0.00021088638759370472,0.00013070873721495176,0.8841109581975174
1. Sequential (I/O & Mem.),seq,0,full,1,64,10,0.0038173509400000008,0.00423221844,0.00462350494,0.000236643383970832,0.00014667308896529154,0.7607752259592726
1. Sequential (I/O & Mem.),seq,0,full,1,128,10,0.007140773940000001,0.00767047894,0.00798151594,0.0002771101335129327,0.0001717546401843879,0.6678399328217178
1. Sequential (I/O & Mem.),seq,0,full,1,256,10,0.020981776940000002,0.021970490140000007,0.023430068940000003,0.0007528053122945167,0.0004665935666189059,0.6132168993112865
1. Sequential (I/O & Mem.),seq,0,full,1,512,10,0.07787483994000001,0.09549228084000003,0.18242658794000002,0.03283508846784408,0.020351398679377082,0.5104313470286568
1. Sequential (I/O & Mem.),seq,0,full,1,1024,10,0.29653740694,0.30294735004000006,0.31493288394,0.0052728614046725995,0.0032681533577314033,0.5857365166474324
1. Sequential (I/O & Mem.),seq,0,full,1,2048,10,1.16379736194,1.18058116194,1.19816927294,0.011904792436200455,0.007378666797307885,0.5279170101408709
1. Sequential (I/O & Mem.),seq,0,full,1,4096,10,4.67692327594,4.72613909724,4.77207619994,0.033347970063793614,0.02066928598596089,0.508516475095603
1. Sequential (I/O & Mem.),seq,0,full,1,8192,10,19.15256240394,19.399950451440002,19.76480509294,0.20903434314483454,0.12956082817283676,0.4888882271055491
1. Sequential (I/O & Mem.),seq,0,seahorse,1,16,10,0.00293060494,0.0030585248400000005,0.0032241409400000005,9.697579819550633e-05,6.010622244128675e-05,0.9744369576543966
1. Sequential (I/O & Mem.),seq,0,seahorse,1,32,10,0.0037893589400000006,0.004097007340000001,0.00431887894,0.00017128159197207627,0.00010616143057070897,0.9549187529646943
1. Sequential (I/O & Mem.),seq,0,seahorse,1,64,10,0.00804919294,0.00829069724,0.00889254294,0.00027363624700241495,0.00016960150301797844,0.8833874556007787
1. Sequential (I/O & Mem.),seq,0,seahorse,1,128,10,0.022651263940000003,0.023524248940000003,0.025456310940000004,0.0008291867189801775,0.0005139352529577088,0.9035533671750035
1. Sequential (I/O & Mem.),seq,0,seahorse,1,256,10,0.08103967494,0.08387604814000002,0.08709539694,0.002248511223015938,0.0013936416945995115,0.9401616431472469
1. Sequential (I/O & Mem.),seq,0,seahorse,1,512,10,0.32600533694,0.34367059194000005,0.36584302594,0.011915821732605405,0.007385502826043121,0.8648784894923237
1. Sequential (I/O & Mem.),seq,0,seahorse,1,1024,10,1.25493025094,1.30315120534,1.3462597269399998,0.0300505687923917,0.018625535504036533,0.8800422439395936
1. Sequential (I/O & Mem.),seq,0,seahorse,1,2048,10,5.01443073794,5.075051762740001,5.14344405994,0.040812066017145654,0.02529558058774201,0.9010167840083689
1. Sequential (I/O & Mem.),seq,0,seahorse,1,4096,10,20.00087297894,20.281078934439996,21.97417947694,0.6046450603483128,0.37476289106744365,0.8746207029310489
1. Sequential (I/O & Mem.),seq,0,seahorse,1,8192,10,80.14001477394,80.51007685393999,81.91739374894,0.5578720805218469,0.3457726978233147,0.8796956139233149
1. Sequential (I/O & Mem.),seq,0,spiral,1,16,10,0.0028251509400000004,0.00316713104,0.0035965609400000005,0.0002515249084314183,0.00015589675338607996,0.9456629366368119
1. Sequential (I/O & Mem.),seq,0,spiral,1,32,10,0.00399775994,0.00439572984,0.00476273994,0.0002684197748769433,0.00016636830009759355,0.891106274174484
1. Sequential (I/O & Mem.),seq,0,spiral,1,64,10,0.00852397194,0.008712863040000001,0.00916361894,0.00021358925642896395,0.00013238399267522844,0.9412081771917762
1. Sequential (I/O & Mem.),seq,0,spiral,1,128,10,0.024964486940000002,0.02549573174,0.026046414940000002,0.00035332109960355693,0.00021899068634792114,0.9527499421360012
1. Sequential (I/O & Mem.),seq,0,spiral,1,256,10,0.09064297494000001,0.09406148874,0.09902069394,0.002791743310672054,0.0017303404308354983,0.9242844048568478
1. Sequential (I/O & Mem.),seq,0,spiral,1,512,10,0.36897376294,0.37994038584000006,0.40140399294,0.009841156428596516,0.0060996119483771455,0.8547192450258632
1. Sequential (I/O & Mem.),seq,0,spiral,1,1024,10,1.45636814894,1.5595874478399998,1.68716119894,0.08389042974604319,0.0519958270500161,0.8265453113420078
1. Sequential (I/O & Mem.),seq,0,spiral,1,2048,10,5.62183841494,5.716785634440001,5.844725238940001,0.07710182652171814,0.0477882071792902,0.9074878928267165
1. Sequential (I/O & Mem.),seq,0,spiral,1,4096,10,22.45407687894,22.584170250739998,22.98377727494,0.19507409019840893,0.12090817375237159,0.89704200656547
1. Sequential (I/O & Mem.),seq,0,spiral,1,8192,10,89.86837036093999,90.19920296394,91.94698510894,0.6232762991520749,0.3863106525165219,0.894820285558479
2. Sequential,seq,1,elephant,1,16,10,0.0025812669400000006,0.0031532296400000005,0.00363554694,0.00031603405412006886,0.00019587993612248228,1.0
2. Sequential,seq,1,elephant,1,32,10,0.0033746089400000004,0.0038014062400000006,0.00449865094,0.0003035439153210873,0.00018813846789078365,1.0
2. Sequential,seq,1,elephant,1,64,10,0.0069221959400000005,0.0077888565400000016,0.00854445394,0.0006996745991405497,0.0004336628094328875,1.0
2. Sequential,seq,1,elephant,1,128,10,0.01932082594,0.019969580940000002,0.02105690794,0.0005305078686016088,0.00032881218355879224,1.0
2. Sequential,seq,1,elephant,1,256,10,0.07156140094,0.07356227264000001,0.07648093994,0.0016029831950115224,0.0009935392776532128,1.0
2. Sequential,seq,1,elephant,1,512,10,0.26391892694,0.28168841714000004,0.28902257094,0.007947693809907092,0.004926031658645831,1.0
2. Sequential,seq,1,elephant,1,1024,10,1.0499954939399998,1.0770690221399999,1.1183870079399998,0.0231303516538357,0.014336340484125618,1.0
2. Sequential,seq,1,elephant,1,2048,10,4.2453570129400005,4.282528867040001,4.345652722940001,0.031859723773652905,0.019746861378717367,1.0
2. Sequential,seq,1,elephant,1,4096,10,16.68284006594,16.73360007764,16.978490334940002,0.08754988162651824,0.05426397882431323,1.0
2. Sequential,seq,1,elephant,1,8192,10,66.66175898793999,66.73657682263999,66.82284447594,0.061543127968718934,0.038144825907623275,1.0
2. Sequential,seq,1,full,1,16,10,0.0025025719400000005,0.00262380974,0.0028339079400000002,9.856649570698729e-05,6.109214697339651e-05,1.0
2. Sequential,seq,1,full,1,32,10,0.0024501629400000007,0.002822710640000001,0.00336440594,0.0003410072803954159,0.00021135850213084285,1.0
2. Sequential,seq,1,full,1,64,10,0.00303371994,0.0032197669400000004,0.0034248739400000003,0.0001466948594153487,9.092241585097684e-05,1.0
2. Sequential,seq,1,full,1,128,10,0.00483924294,0.005122652140000001,0.00536619294,0.00016571756397410362,0.0001027128102887551,1.0
2. Sequential,seq,1,full,1,256,10,0.01292315994,0.013472675839999998,0.01425760594,0.00038238176602925955,0.00023700267400853165,1.0
2. Sequential,seq,1,full,1,512,10,0.04268484694000001,0.04874225354,0.054542717940000006,0.0041261244275721766,0.0025573984156757605,1.0
2. Sequential,seq,1,full,1,1024,10,0.17401974194,0.17744732554000003,0.18465314594,0.0033459044282434214,0.0020738130499925542,1.0
2. Sequential,seq,1,full,1,2048,10,0.6003430199400001,0.6232488772400001,0.65925728794,0.02040973347712335,0.012650083868040781,1.0
2. Sequential,seq,1,full,1,4096,10,2.3748423139400003,2.40331959454,2.49382367194,0.037086200559716065,0.022986265251980772,1.0
2. Sequential,seq,1,full,1,8192,10,9.45291588694,9.484407382139999,9.58727832894,0.03802075412784329,0.02356550755464177,1.0
2. Sequential,seq,1,seahorse,1,16,10,0.00273772594,0.0029803396400000007,0.0034171909400000007,0.00020868998278895806,0.00012934739141299133,1.0
2. Sequential,seq,1,seahorse,1,32,10,0.0036629349400000006,0.00391230914,0.00468997294,0.0002992902682231192,0.00018550203010512332,1.0
2. Sequential,seq,1,seahorse,1,64,10,0.00687066194,0.007323897939999999,0.00789165494,0.0003388078919892839,0.00020999530707358491,1.0
2. Sequential,seq,1,seahorse,1,128,10,0.020752891940000004,0.021255414340000008,0.02211490094,0.00038476896106370655,0.0002384822728199994,1.0
2. Sequential,seq,1,seahorse,1,256,10,0.07694739794000001,0.07885704324000001,0.08282555994,0.0019328846398442355,0.0011980143115873575,1.0
2. Sequential,seq,1,seahorse,1,512,10,0.28245528294,0.29723330244,0.30686236494,0.006688006194227156,0.004145269185498166,1.0
2. Sequential,seq,1,seahorse,1,1024,10,1.11654744494,1.1468281109399998,1.24792370094,0.03879993991649094,0.02404845190990375,1.0
2. Sequential,seq,1,seahorse,1,2048,10,4.45301491094,4.5727068179399994,4.79286410694,0.09169050252679083,0.05683036224685626,1.0
2. Sequential,seq,1,seahorse,1,4096,10,17.68516314794,17.738251513839998,17.95864215794,0.08179170085206161,0.050695021404763285,1.0
2. Sequential,seq,1,seahorse,1,8192,10,70.75084124893999,70.82436148504,71.10573563094,0.1010576377548767,0.06263617281128048,1.0
2. Sequential,seq,1,spiral,1,16,10,0.00263564594,0.00299503844,0.003939756940000001,0.000383800523387765,0.0002378820289297319,1.0
2. Sequential,seq,1,spiral,1,32,10,0.0035554439400000003,0.003917062440000001,0.0046017559400000005,0.0003004093603114294,0.00018619565056758808,1.0
2. Sequential,seq,1,spiral,1,64,10,0.00787167894,0.008200617939999998,0.00847248994,0.00018844914496784305,0.0001168019901570899,1.0
2. Sequential,seq,1,spiral,1,128,10,0.02296329194,0.024291056940000007,0.027909870940000005,0.001420652460685896,0.0008805295177008881,1.0
2. Sequential,seq,1,spiral,1,256,10,0.08492205194,0.08693956714,0.09099144494000001,0.0015685798962180072,0.00097221589214389,1.0
2. Sequential,seq,1,spiral,1,512,10,0.31809095894,0.32474235974,0.33833621994,0.0059930414680657,0.0037145255855816663,1.0
2. Sequential,seq,1,spiral,1,1024,10,1.26248250794,1.28906969264,1.3448563489399998,0.02980489732644581,0.01847326675189024,1.0
2. Sequential,seq,1,spiral,1,2048,10,5.05859821494,5.18791374914,5.4267304559400005,0.11201608161572858,0.06942828668471121,1.0
2. Sequential,seq,1,spiral,1,4096,10,20.16938590594,20.25894939834,20.55527801794,0.1266176355051868,0.07847842354771337,1.0
2. Sequential,seq,1,spiral,1,8192,10,80.62837082194,80.71207655334,80.97251916393999,0.09906060678435986,0.06139840019203346,1.0
